-- phpMyAdmin SQL Dump
-- version 4.5.1
-- http://www.phpmyadmin.net
--
-- Host: 127.0.0.1
-- Generation Time: Jun 14, 2016 at 12:07 PM
-- Server version: 10.1.10-MariaDB
-- PHP Version: 5.5.33

SET SQL_MODE = "NO_AUTO_VALUE_ON_ZERO";
SET time_zone = "+00:00";


/*!40101 SET @OLD_CHARACTER_SET_CLIENT=@@CHARACTER_SET_CLIENT */;
/*!40101 SET @OLD_CHARACTER_SET_RESULTS=@@CHARACTER_SET_RESULTS */;
/*!40101 SET @OLD_COLLATION_CONNECTION=@@COLLATION_CONNECTION */;
/*!40101 SET NAMES utf8mb4 */;

--
-- Database: `kualitas_air`
--

-- --------------------------------------------------------

--
-- Table structure for table `data_air`
--

CREATE TABLE `data_air` (
  `idData_Air` int(10) NOT NULL,
  `bulan` varchar(25) NOT NULL,
  `tahun` int(10) NOT NULL,
  `tss` double DEFAULT NULL,
  `bod` double DEFAULT NULL,
  `cod` double DEFAULT NULL,
  `do` double DEFAULT NULL,
  `pH` double DEFAULT NULL,
  `fenol` double DEFAULT NULL,
  `minyak` double DEFAULT NULL
) ENGINE=InnoDB DEFAULT CHARSET=latin1;

--
-- Dumping data for table `data_air`
--

INSERT INTO `data_air` (`idData_Air`, `bulan`, `tahun`, `tss`, `bod`, `cod`, `do`, `pH`, `fenol`, `minyak`) VALUES
(1, 'Januari', 2005, 0, 15.35, 56.8, 11.2, 7.5, 0.0775, 0.8),
(2, 'Februari', 2005, 0, 10, 34.8, 15.3, 8.05, 0.0145, 4.5),
(3, 'Maret', 2005, 44.85, 12.6, 35.4, 18.55, 8.85, 0.1185, 4.25),
(4, 'April', 2005, 72.75, 19.75, 62.85, 10.45, 8.1, 0.172, 0),
(5, 'Mei', 2005, 10, 6.2, 13.9, 10.15, 7.55, 0.172, 1.5),
(6, 'Juni', 2005, 6.2, 11.3, 35.1, 16.925, 8.45, 0.086, 1.425),
(7, 'Juli', 2005, 24.25, 6.95, 15.6, 10.85, 7.3, 0.067, 0.8),
(8, 'Agustus', 2005, 26.25, 7.9, 21, 11.75, 7, 0.196, 0),
(9, 'September', 2005, 17.4, 6.9, 16.3, 7.95, 6.8, 0.128, 0.9),
(10, 'Oktober', 2005, 21.25, 6.25, 13.4, 7.45, 6.95, 0.0925, 0.8),
(11, 'November', 2005, 17.75, 5.05, 20.6, 3.5, 6.9, 0.0885, 0.8),
(12, 'Desember', 2005, 25.35, 4.1, 16.85, 6.75, 7, 0.151, 3.5),
(13, 'Januari', 2006, 35, 2.5, 11.2, 8.9, 7.4, 0.188, 0.8),
(14, 'Februari', 2006, 229.8, 3.85, 20.7, 7.2, 6.95, 0.1135, 0),
(15, 'Maret', 2006, 41.3, 12.8, 41.45, 9.7, 7.95, 0.0915, 0),
(16, 'April', 2006, 69.6, 21.3, 97.15, 13.2, 8.5, 0.119, 0),
(17, 'Mei', 2006, 23.7, 12.15, 32.5, 11.95, 8.2, 0.008, 0),
(18, 'Juni', 2006, 17.8, 3.4, 10.25, 6.8, 7.45, 0.176, 0),
(19, 'Juli', 2006, 7.1, 3.6, 9.85, 5.85, 7.35, 0.104, 1.3),
(20, 'Agustus', 2006, 15.7, 5.85, 19.6, 6.7, 7.2, 0.187, 2.9),
(21, 'September', 2006, 15.55, 3.25, 9.25, 7.6, 6.95, 0.1705, 0.4),
(22, 'Oktober', 2006, 25.55, 2.85, 14.15, 8.05, 7, 0.017, 0.4),
(23, 'November', 2006, 54.9, 7.7, 47, 8.6, 7.35, 0.104, 3.125),
(24, 'Desember', 2006, 17.75, 6.35, 10.5, 7.9, 7.45, 0.0885, 0),
(25, 'Januari', 2007, 32.1, 4.8, 20.85, 8.35, 7.8, 0.151, 0.5),
(26, 'Februari', 2007, 27.6, 7.15, 20.85, 10.2, 7.65, 0.0975, 0.8),
(27, 'Maret', 2007, 54.3, 14.4, 27.3, 11.2, 7.55, 0.1, 3),
(28, 'April', 2007, 177.65, 2.4, 12.05, 4.25, 6.55, 0.1575, 1.5),
(29, 'Mei', 2007, 18.1, 3.65, 9.9, 6.9, 7.3, 0.3825, 6.85),
(30, 'Juni', 2007, 8, 3.95, 9.05, 8.9, 7.6, 0.334, 0),
(31, 'Juli', 2007, 11.9, 4.5, 9.8, 7.7, 7.5, 0.126, 4.25),
(32, 'Agustus', 2007, 13.65, 4.8, 9.3, 6.3, 7.3, 0.046, 0),
(33, 'September', 2007, 26.9, 5.15, 11.75, 6.2, 7.55, 0.095, 3.5),
(34, 'Oktober', 2007, 8.3, 5.7, 17.7, 6, 7.95, 0.126, 0),
(35, 'November', 2007, 25.8, 6.25, 23.35, 12.7, 8.2, 0.0685, 2.85),
(36, 'Desember', 2007, 13.15, 6.35, 21.25, 7.6, 7.4, 0.029, 2.25),
(37, 'Januari', 2008, 66.9, 5.3, 10.675, 5.6, 7, 0.087, 4.1),
(38, 'Februari', 2008, 87.35, 3.7, 25.8, 7.4, 8.1, 0.1225, 2.9),
(39, 'Maret', 2008, 84.5, 2.5, 8.25, 10.3, 8.25, 0.058, 5),
(40, 'April', 2008, 33.6, 2.5, 8.75, 6.15, 7.55, 0.039, 0.39),
(41, 'Mei', 2008, 72, 3.8, 10.85, 5.45, 7.45, 0.029, 6.3),
(42, 'Juni', 2008, 43.65, 7.95, 53, 12.1, 9, 0.081, 0),
(43, 'Juli', 2008, 14, 4.85, 10.3, 5.65, 7.6, 0.127, 6),
(44, 'Agustus', 2008, 18.95, 2.45, 8.8, 6, 7.45, 0.062, 3.5),
(45, 'September', 2008, 16.5, 2.75, 11.95, 5.8, 7.45, 0.0735, 3.6),
(46, 'Oktober', 2008, 45.05, 4.25, 26.1, 7.35, 7.8, 0.0212, 2.85),
(47, 'November', 2008, 28.1, 5.4, 17.5, 8.25, 8.25, 0.079, 3.25),
(48, 'Desember', 2008, 7.05, 4.2, 13.1, 6.4, 7.6, 0.036, 3),
(49, 'Januari', 2009, 22.9, 4.4, 16.15, 9.15, 7.95, 0.007, 2.7),
(50, 'Februari', 2009, 203.9, 4.7, 13.205, 9.1, 7.2, 0.008, 4.25),
(51, 'Maret', 2009, 27.3, 5.8, 27.803, 7.55, 8.05, 0, 4),
(52, 'April', 2009, 48.35, 4.5, 33.0675, 7.7, 7.9, 0, 3.5),
(53, 'Mei', 2009, 30.85, 5, 16.2775, 10.4, 8.75, 0.0027, 4.55),
(54, 'Juni', 2009, 13, 3.325, 11.652, 8.9, 8.15, 0, 3.95),
(55, 'Juli', 2009, 20.15, 1.925, 6.408, 7.85, 7.85, 0, 2.85),
(56, 'Agustus', 2009, 38.5, 3.075, 12.9275, 6.3, 7.1, 0, 1.9),
(57, 'September', 2009, 17.25, 7.275, 27.0195, 8.8, 6.9, 0, 3.75),
(58, 'Oktober', 2009, 42.3, 3.75, 9.7375, 42.25, 7.1, 0, 4.75),
(59, 'November', 2009, 25.55, 3.375, 12.678, 5.5, 7.25, 0, 5),
(60, 'Desember', 2009, 35.1, 3.55, 18.864, 7, 7.15, 0, 2.5),
(87, 'Juni', 2016, 87.35, 3.7, 25.8, 7.4, 8.1, 0.1225, 2.9);

-- --------------------------------------------------------

--
-- Table structure for table `hasil`
--

CREATE TABLE `hasil` (
  `hasil_id` int(11) NOT NULL,
  `hasil_fk` int(11) NOT NULL,
  `hasil_skor_centroid` double NOT NULL,
  `hasil_skor_huruf` varchar(50) NOT NULL
) ENGINE=InnoDB DEFAULT CHARSET=latin1;

--
-- Dumping data for table `hasil`
--

INSERT INTO `hasil` (`hasil_id`, `hasil_fk`, `hasil_skor_centroid`, `hasil_skor_huruf`) VALUES
(1, 1, 29.699690206875, 'Tercemar Sedang'),
(2, 2, 39.829690346084, 'Tercemar Berat'),
(3, 3, 39.991666666667, 'Tercemar Berat'),
(4, 4, 39.86695795692, 'Tercemar Berat'),
(5, 5, 29.751934380435, 'Tercemar Sedang'),
(6, 6, 36.823404960046, 'Tercemar Berat'),
(7, 7, 29.77412358911, 'Tercemar Sedang'),
(8, 8, 29.766880491876, 'Tercemar Sedang'),
(9, 9, 29.772702872791, 'Tercemar Sedang'),
(10, 10, 29.740223868037, 'Tercemar Sedang'),
(11, 11, 30, 'Tercemar Sedang'),
(12, 12, 29.765686382274, 'Tercemar Sedang'),
(13, 13, 100, 'Tidak Terbaca'),
(14, 14, 29.759811056596, 'Tercemar Sedang'),
(15, 15, 29.621118012422, 'Tercemar Sedang'),
(16, 16, 39.991666666667, 'Tercemar Berat'),
(17, 17, 29.621118012422, 'Tercemar Sedang'),
(18, 18, 29.698333315704, 'Tercemar Sedang'),
(19, 19, 29.774243046993, 'Tercemar Sedang'),
(20, 20, 29.773220709959, 'Tercemar Sedang'),
(21, 21, 29.6714127759, 'Tercemar Sedang'),
(22, 22, 100, 'Tidak Terbaca'),
(23, 23, 39.752884333821, 'Tercemar Berat'),
(24, 24, 29.65698280806, 'Tercemar Sedang'),
(25, 25, 29.774243046993, 'Tercemar Sedang'),
(26, 26, 29.757023319574, 'Tercemar Sedang'),
(27, 27, 39.78234948605, 'Tercemar Berat'),
(28, 28, 29.774243046993, 'Tercemar Sedang'),
(29, 29, 29.736342353287, 'Tercemar Sedang'),
(30, 30, 29.766880491876, 'Tercemar Sedang'),
(31, 31, 30, 'Tercemar Sedang'),
(32, 32, 29.774243046993, 'Tercemar Sedang'),
(33, 33, 29.758904661391, 'Tercemar Sedang'),
(34, 34, 29.755215210295, 'Tercemar Sedang'),
(35, 35, 29.686110025842, 'Tercemar Sedang'),
(36, 36, 29.748628257888, 'Tercemar Sedang'),
(37, 37, 39.878491671243, 'Tercemar Berat'),
(38, 38, 39.632761700607, 'Tercemar Berat'),
(39, 39, 30, 'Tercemar Sedang'),
(40, 40, 100, 'Tidak Terbaca'),
(41, 41, 39.858179202631, 'Tercemar Berat'),
(42, 42, 29.76847524858, 'Tercemar Sedang'),
(43, 43, 29.774441926541, 'Tercemar Sedang'),
(44, 44, 29.767403005158, 'Tercemar Sedang'),
(45, 45, 29.748628257888, 'Tercemar Sedang'),
(46, 46, 100, 'Tidak Terbaca'),
(47, 47, 30, 'Tercemar Sedang'),
(48, 48, 29.774243046993, 'Tercemar Sedang'),
(49, 49, 29.762711264187, 'Tercemar Sedang'),
(50, 50, 39.780714156244, 'Tercemar Berat'),
(51, 51, 29.661859734399, 'Tercemar Sedang'),
(52, 52, 30, 'Tercemar Sedang'),
(53, 53, 29.772870653093, 'Tercemar Sedang'),
(54, 54, 29.686181610377, 'Tercemar Sedang'),
(55, 55, 100, 'Tidak Terbaca'),
(56, 56, 29.727466990617, 'Tercemar Sedang'),
(57, 57, 29.768803283669, 'Tercemar Sedang'),
(58, 58, 29.748628257888, 'Tercemar Sedang'),
(59, 59, 29.748628257888, 'Tercemar Sedang'),
(60, 60, 29.773728523987, 'Tercemar Sedang'),
(77, 87, 39.632761700607, 'Tercemar Berat');

-- --------------------------------------------------------

--
-- Table structure for table `rule`
--

CREATE TABLE `rule` (
  `id_rule` int(11) NOT NULL,
  `tss` varchar(25) NOT NULL,
  `bod` varchar(25) NOT NULL,
  `cod` varchar(25) NOT NULL,
  `do` varchar(25) NOT NULL,
  `ph` varchar(25) NOT NULL,
  `fenol` varchar(25) NOT NULL,
  `minyak` varchar(25) NOT NULL,
  `kelas` varchar(25) NOT NULL
) ENGINE=InnoDB DEFAULT CHARSET=latin1;

--
-- Dumping data for table `rule`
--

INSERT INTO `rule` (`id_rule`, `tss`, `bod`, `cod`, `do`, `ph`, `fenol`, `minyak`, `kelas`) VALUES
(1, 'baik', 'sangat baik', 'sangat baik', 'sangat baik', 'baik', 'baik', 'baik', 'A'),
(2, 'baik', 'sangat baik', 'sangat baik', 'baik', 'baik', 'baik', 'baik', 'A'),
(3, 'baik', 'sangat baik', 'baik', 'sangat baik', 'baik', 'baik', 'baik', 'A'),
(4, 'baik', 'baik', 'sangat baik', 'sangat baik', 'baik', 'baik', 'baik', 'A'),
(5, 'baik', 'sangat baik', 'sangat baik', 'sangat baik', 'baik', 'baik', 'buruk', 'B'),
(6, 'baik', 'sangat baik', 'sangat baik', 'sangat baik', 'baik', 'buruk', 'baik', 'B'),
(7, 'baik', 'sangat baik', 'sangat baik', 'sangat baik', 'buruk', 'baik', 'baik', 'B'),
(8, 'baik', 'sangat baik', 'sangat baik', 'sedang', 'baik', 'baik', 'baik', 'B'),
(9, 'baik', 'sangat baik', 'sangat baik', 'buruk', 'baik', 'baik', 'baik', 'B'),
(10, 'baik', 'sangat baik', 'baik', 'baik', 'baik', 'baik', 'baik', 'B'),
(11, 'baik', 'sangat baik', 'baik', 'sedang', 'baik', 'baik', 'baik', 'B'),
(12, 'baik', 'sangat baik', 'sedang', 'sangat baik', 'baik', 'baik', 'baik', 'B'),
(13, 'baik', 'sangat baik', 'sedang', 'baik', 'baik', 'baik', 'baik', 'B'),
(14, 'baik', 'sangat baik', 'buruk', 'sangat baik', 'baik', 'baik', 'baik', 'B'),
(15, 'baik', 'baik', 'sangat baik', 'sangat baik', 'buruk', 'baik', 'baik', 'B'),
(16, 'baik', 'baik', 'sangat baik', 'baik', 'baik', 'baik', 'baik', 'B'),
(17, 'baik', 'baik', 'sangat baik', 'sedang', 'baik', 'baik', 'baik', 'B'),
(18, 'baik', 'baik', 'baik', 'sangat baik', 'baik', 'baik', 'baik', 'B'),
(19, 'baik', 'baik', 'baik', 'baik', 'baik', 'baik', 'baik', 'B'),
(20, 'baik', 'baik', 'baik', 'sedang', 'baik', 'baik', 'baik', 'B'),
(21, 'baik', 'baik', 'sedang', 'sangat baik', 'baik', 'baik', 'baik', 'B'),
(22, 'baik', 'sedang', 'sangat baik', 'sangat baik', 'baik', 'baik', 'baik', 'B'),
(23, 'baik', 'sedang', 'sangat baik', 'baik', 'baik', 'baik', 'baik', 'B'),
(24, 'baik', 'sedang', 'baik', 'sangat baik', 'baik', 'baik', 'baik', 'B'),
(25, 'baik', 'buruk', 'sangat baik', 'sangat baik', 'baik', 'baik', 'baik', 'B'),
(26, 'buruk', 'sangat baik', 'sangat baik', 'sangat baik', 'baik', 'baik', 'baik', 'B'),
(27, 'baik', 'baik', 'sangat baik', 'sangat baik', 'baik', 'buruk', 'baik', 'C'),
(28, 'baik', 'baik', 'sangat baik', 'sangat baik', 'baik', 'baik', 'buruk', 'C'),
(29, 'baik', 'sangat baik', 'sangat baik', 'baik', 'baik', 'baik', 'buruk', 'C'),
(30, 'baik', 'sangat baik', 'sangat baik', 'baik', 'baik', 'buruk', 'baik', 'C'),
(31, 'baik', 'sangat baik', 'sangat baik', 'baik', 'buruk', 'baik', 'baik', 'C'),
(32, 'baik', 'sangat baik', 'baik', 'sangat baik', 'baik', 'baik', 'buruk', 'C'),
(33, 'baik', 'sangat baik', 'baik', 'sangat baik', 'baik', 'buruk', 'baik', 'C'),
(34, 'baik', 'sangat baik', 'baik', 'sangat baik', 'buruk', 'baik', 'baik', 'C'),
(35, 'baik', 'sangat baik', 'baik', 'baik', 'baik', 'baik', 'buruk', 'C'),
(36, 'baik', 'sangat baik', 'baik', 'baik', 'baik', 'buruk', 'baik', 'C'),
(37, 'baik', 'sangat baik', 'baik', 'baik', 'buruk', 'baik', 'baik', 'C'),
(38, 'baik', 'sangat baik', 'baik', 'buruk', 'baik', 'baik', 'baik', 'C'),
(39, 'baik', 'sangat baik', 'buruk', 'baik', 'baik', 'baik', 'baik', 'C'),
(40, 'baik', 'baik', 'sangat baik', 'buruk', 'baik', 'baik', 'baik', 'C'),
(41, 'baik', 'buruk', 'sangat baik', 'baik', 'baik', 'baik', 'baik', 'C'),
(42, 'baik', 'buruk', 'baik', 'sangat baik', 'baik', 'baik', 'baik', 'C'),
(43, 'buruk', 'sangat baik', 'sangat baik', 'baik', 'baik', 'baik', 'baik', 'C'),
(44, 'buruk', 'sangat baik', 'baik', 'sangat baik', 'baik', 'baik', 'baik', 'C'),
(45, 'buruk', 'baik', 'sangat baik', 'sangat baik', 'baik', 'baik', 'baik', 'C'),
(46, 'baik', 'sangat baik', 'sangat baik', 'sangat baik', 'baik', 'buruk', 'buruk', 'C'),
(47, 'baik', 'sangat baik', 'sangat baik', 'sangat baik', 'buruk', 'baik', 'buruk', 'C'),
(48, 'baik', 'sangat baik', 'sangat baik', 'sangat baik', 'buruk', 'buruk', 'baik', 'C'),
(49, 'baik', 'sangat baik', 'sangat baik', 'sangat baik', 'buruk', 'buruk', 'buruk', 'C'),
(50, 'baik', 'sangat baik', 'sangat baik', 'baik', 'baik', 'buruk', 'buruk', 'C'),
(51, 'baik', 'sangat baik', 'sangat baik', 'baik', 'buruk', 'baik', 'buruk', 'C'),
(52, 'baik', 'sangat baik', 'sangat baik', 'baik', 'buruk', 'buruk', 'baik', 'C'),
(53, 'baik', 'sangat baik', 'sangat baik', 'sedang', 'baik', 'baik', 'buruk', 'C'),
(54, 'baik', 'sangat baik', 'sangat baik', 'sedang', 'baik', 'buruk', 'baik', 'C'),
(55, 'baik', 'sangat baik', 'sangat baik', 'sedang', 'baik', 'buruk', 'buruk', 'C'),
(56, 'baik', 'sangat baik', 'sangat baik', 'sedang', 'buruk', 'baik', 'baik', 'C'),
(57, 'baik', 'sangat baik', 'sangat baik', 'sedang', 'buruk', 'baik', 'buruk', 'C'),
(58, 'baik', 'sangat baik', 'sangat baik', 'sedang', 'buruk', 'buruk', 'baik', 'C'),
(59, 'baik', 'sangat baik', 'sangat baik', 'buruk', 'baik', 'baik', 'buruk', 'C'),
(60, 'baik', 'sangat baik', 'sangat baik', 'buruk', 'baik', 'buruk', 'baik', 'C'),
(61, 'baik', 'sangat baik', 'sangat baik', 'buruk', 'buruk', 'baik', 'baik', 'C'),
(62, 'baik', 'sangat baik', 'baik', 'sangat baik', 'baik', 'buruk', 'buruk', 'C'),
(63, 'baik', 'sangat baik', 'baik', 'sangat baik', 'buruk', 'baik', 'buruk', 'C'),
(64, 'baik', 'sangat baik', 'baik', 'sangat baik', 'buruk', 'buruk', 'baik', 'C'),
(65, 'baik', 'sangat baik', 'baik', 'baik', 'baik', 'buruk', 'buruk', 'C'),
(66, 'baik', 'sangat baik', 'baik', 'baik', 'buruk', 'baik', 'buruk', 'C'),
(67, 'baik', 'sangat baik', 'baik', 'baik', 'buruk', 'buruk', 'baik', 'C'),
(68, 'baik', 'sangat baik', 'baik', 'sedang', 'baik', 'baik', 'buruk', 'C'),
(69, 'baik', 'sangat baik', 'baik', 'sedang', 'baik', 'buruk', 'baik', 'C'),
(70, 'baik', 'sangat baik', 'baik', 'sedang', 'baik', 'buruk', 'buruk', 'C'),
(71, 'baik', 'sangat baik', 'baik', 'sedang', 'buruk', 'baik', 'baik', 'C'),
(72, 'baik', 'sangat baik', 'baik', 'sedang', 'buruk', 'baik', 'buruk', 'C'),
(73, 'baik', 'sangat baik', 'baik', 'sedang', 'buruk', 'buruk', 'baik', 'C'),
(74, 'baik', 'sangat baik', 'baik', 'buruk', 'baik', 'baik', 'buruk', 'C'),
(75, 'baik', 'sangat baik', 'baik', 'buruk', 'baik', 'buruk', 'baik', 'C'),
(76, 'baik', 'sangat baik', 'baik', 'buruk', 'buruk', 'baik', 'baik', 'C'),
(77, 'baik', 'sangat baik', 'sedang', 'sangat baik', 'baik', 'baik', 'buruk', 'C'),
(78, 'baik', 'sangat baik', 'sedang', 'sangat baik', 'baik', 'buruk', 'baik', 'C'),
(79, 'baik', 'sangat baik', 'sedang', 'sangat baik', 'baik', 'buruk', 'buruk', 'C'),
(80, 'baik', 'sangat baik', 'sedang', 'sangat baik', 'buruk', 'baik', 'baik', 'C'),
(81, 'baik', 'sangat baik', 'sedang', 'sangat baik', 'buruk', 'baik', 'buruk', 'C'),
(82, 'baik', 'sangat baik', 'sedang', 'sangat baik', 'buruk', 'buruk', 'baik', 'C'),
(83, 'baik', 'sangat baik', 'sedang', 'baik', 'baik', 'baik', 'buruk', 'C'),
(84, 'baik', 'sangat baik', 'sedang', 'baik', 'baik', 'buruk', 'baik', 'C'),
(85, 'baik', 'sangat baik', 'sedang', 'baik', 'baik', 'buruk', 'buruk', 'C'),
(86, 'baik', 'sangat baik', 'sedang', 'baik', 'buruk', 'baik', 'baik', 'C'),
(87, 'baik', 'sangat baik', 'sedang', 'baik', 'buruk', 'baik', 'buruk', 'C'),
(88, 'baik', 'sangat baik', 'sedang', 'baik', 'buruk', 'buruk', 'baik', 'C'),
(89, 'baik', 'sangat baik', 'sedang', 'sedang', 'baik', 'baik', 'baik', 'C'),
(90, 'baik', 'sangat baik', 'sedang', 'sedang', 'baik', 'baik', 'buruk', 'C'),
(91, 'baik', 'sangat baik', 'sedang', 'sedang', 'baik', 'buruk', 'baik', 'C'),
(92, 'baik', 'sangat baik', 'sedang', 'sedang', 'buruk', 'baik', 'baik', 'C'),
(93, 'baik', 'sangat baik', 'sedang', 'buruk', 'baik', 'baik', 'baik', 'C'),
(94, 'baik', 'sangat baik', 'sedang', 'buruk', 'baik', 'baik', 'buruk', 'C'),
(95, 'baik', 'sangat baik', 'sedang', 'buruk', 'baik', 'buruk', 'baik', 'C'),
(96, 'baik', 'sangat baik', 'sedang', 'buruk', 'buruk', 'baik', 'baik', 'C'),
(97, 'baik', 'sangat baik', 'buruk', 'sangat baik', 'baik', 'baik', 'buruk', 'C'),
(98, 'baik', 'sangat baik', 'buruk', 'sangat baik', 'baik', 'buruk', 'baik', 'C'),
(99, 'baik', 'sangat baik', 'buruk', 'sangat baik', 'baik', 'buruk', 'buruk', 'C'),
(100, 'baik', 'sangat baik', 'buruk', 'sangat baik', 'buruk', 'baik', 'baik', 'C'),
(101, 'baik', 'sangat baik', 'buruk', 'sangat baik', 'buruk', 'baik', 'buruk', 'C'),
(102, 'baik', 'sangat baik', 'buruk', 'sangat baik', 'buruk', 'buruk', 'baik', 'C'),
(103, 'baik', 'sangat baik', 'buruk', 'baik', 'baik', 'baik', 'buruk', 'C'),
(104, 'baik', 'sangat baik', 'buruk', 'baik', 'baik', 'buruk', 'baik', 'C'),
(105, 'baik', 'sangat baik', 'buruk', 'baik', 'buruk', 'baik', 'baik', 'C'),
(106, 'baik', 'sangat baik', 'buruk', 'sedang', 'baik', 'baik', 'baik', 'C'),
(107, 'baik', 'sangat baik', 'buruk', 'sedang', 'baik', 'baik', 'buruk', 'C'),
(108, 'baik', 'sangat baik', 'buruk', 'sedang', 'baik', 'buruk', 'baik', 'C'),
(109, 'baik', 'sangat baik', 'buruk', 'sedang', 'buruk', 'baik', 'baik', 'C'),
(110, 'baik', 'sangat baik', 'buruk', 'buruk', 'baik', 'baik', 'baik', 'C'),
(111, 'baik', 'sangat baik', 'buruk', 'buruk', 'baik', 'baik', 'buruk', 'C'),
(112, 'baik', 'sangat baik', 'buruk', 'buruk', 'baik', 'buruk', 'baik', 'C'),
(113, 'baik', 'sangat baik', 'buruk', 'buruk', 'buruk', 'baik', 'baik', 'C'),
(114, 'baik', 'baik', 'sangat baik', 'sangat baik', 'baik', 'buruk', 'buruk', 'C'),
(115, 'baik', 'baik', 'sangat baik', 'sangat baik', 'buruk', 'baik', 'buruk', 'C'),
(116, 'baik', 'baik', 'sangat baik', 'sangat baik', 'buruk', 'buruk', 'baik', 'C'),
(117, 'baik', 'baik', 'sangat baik', 'baik', 'baik', 'baik', 'buruk', 'C'),
(118, 'baik', 'baik', 'sangat baik', 'baik', 'baik', 'buruk', 'baik', 'C'),
(119, 'baik', 'baik', 'sangat baik', 'baik', 'baik', 'buruk', 'buruk', 'C'),
(120, 'baik', 'baik', 'sangat baik', 'baik', 'buruk', 'baik', 'baik', 'C'),
(121, 'baik', 'baik', 'sangat baik', 'baik', 'buruk', 'baik', 'buruk', 'C'),
(122, 'baik', 'baik', 'sangat baik', 'baik', 'buruk', 'buruk', 'baik', 'C'),
(123, 'baik', 'baik', 'sangat baik', 'sedang', 'baik', 'baik', 'buruk', 'C'),
(124, 'baik', 'baik', 'sangat baik', 'sedang', 'baik', 'buruk', 'baik', 'C'),
(125, 'baik', 'baik', 'sangat baik', 'sedang', 'baik', 'buruk', 'buruk', 'C'),
(126, 'baik', 'baik', 'sangat baik', 'sedang', 'buruk', 'baik', 'baik', 'C'),
(127, 'baik', 'baik', 'sangat baik', 'sedang', 'buruk', 'baik', 'buruk', 'C'),
(128, 'baik', 'baik', 'sangat baik', 'sedang', 'buruk', 'buruk', 'baik', 'C'),
(129, 'baik', 'baik', 'sangat baik', 'buruk', 'baik', 'baik', 'buruk', 'C'),
(130, 'baik', 'baik', 'sangat baik', 'buruk', 'baik', 'buruk', 'baik', 'C'),
(131, 'baik', 'baik', 'sangat baik', 'buruk', 'buruk', 'baik', 'baik', 'C'),
(132, 'baik', 'baik', 'baik', 'sangat baik', 'baik', 'baik', 'buruk', 'C'),
(133, 'baik', 'baik', 'baik', 'sangat baik', 'baik', 'buruk', 'baik', 'C'),
(134, 'baik', 'baik', 'baik', 'sangat baik', 'baik', 'buruk', 'buruk', 'C'),
(135, 'baik', 'baik', 'baik', 'sangat baik', 'buruk', 'baik', 'baik', 'C'),
(136, 'baik', 'baik', 'baik', 'sangat baik', 'buruk', 'baik', 'buruk', 'C'),
(137, 'baik', 'baik', 'baik', 'sangat baik', 'buruk', 'buruk', 'baik', 'C'),
(138, 'baik', 'baik', 'baik', 'baik', 'baik', 'baik', 'buruk', 'C'),
(139, 'baik', 'baik', 'baik', 'baik', 'baik', 'buruk', 'baik', 'C'),
(140, 'baik', 'baik', 'baik', 'baik', 'buruk', 'baik', 'baik', 'C'),
(141, 'baik', 'baik', 'baik', 'sedang', 'baik', 'baik', 'buruk', 'C'),
(142, 'baik', 'baik', 'baik', 'sedang', 'baik', 'buruk', 'baik', 'C'),
(143, 'baik', 'baik', 'baik', 'sedang', 'buruk', 'baik', 'baik', 'C'),
(144, 'baik', 'baik', 'baik', 'buruk', 'baik', 'baik', 'baik', 'C'),
(145, 'baik', 'baik', 'baik', 'buruk', 'baik', 'baik', 'buruk', 'C'),
(146, 'baik', 'baik', 'baik', 'buruk', 'baik', 'buruk', 'baik', 'C'),
(147, 'baik', 'baik', 'baik', 'buruk', 'buruk', 'baik', 'baik', 'C'),
(148, 'baik', 'baik', 'sedang', 'sangat baik', 'baik', 'baik', 'buruk', 'C'),
(149, 'baik', 'baik', 'sedang', 'sangat baik', 'baik', 'buruk', 'baik', 'C'),
(150, 'baik', 'baik', 'sedang', 'sangat baik', 'baik', 'buruk', 'buruk', 'C'),
(151, 'baik', 'baik', 'sedang', 'sangat baik', 'buruk', 'baik', 'baik', 'C'),
(152, 'baik', 'baik', 'sedang', 'sangat baik', 'buruk', 'baik', 'buruk', 'C'),
(153, 'baik', 'baik', 'sedang', 'sangat baik', 'buruk', 'buruk', 'baik', 'C'),
(154, 'baik', 'baik', 'sedang', 'baik', 'baik', 'baik', 'baik', 'C'),
(155, 'baik', 'baik', 'sedang', 'baik', 'baik', 'baik', 'buruk', 'C'),
(156, 'baik', 'baik', 'sedang', 'baik', 'baik', 'buruk', 'baik', 'C'),
(157, 'baik', 'baik', 'sedang', 'baik', 'baik', 'buruk', 'buruk', 'C'),
(158, 'baik', 'baik', 'sedang', 'baik', 'buruk', 'baik', 'baik', 'C'),
(159, 'baik', 'baik', 'sedang', 'baik', 'buruk', 'baik', 'buruk', 'C'),
(160, 'baik', 'baik', 'sedang', 'baik', 'buruk', 'buruk', 'baik', 'C'),
(161, 'baik', 'baik', 'sedang', 'sedang', 'baik', 'baik', 'baik', 'C'),
(162, 'baik', 'baik', 'sedang', 'sedang', 'baik', 'baik', 'buruk', 'C'),
(163, 'baik', 'baik', 'sedang', 'sedang', 'baik', 'buruk', 'baik', 'C'),
(164, 'baik', 'baik', 'sedang', 'sedang', 'buruk', 'baik', 'baik', 'C'),
(165, 'baik', 'baik', 'sedang', 'buruk', 'baik', 'baik', 'baik', 'C'),
(166, 'baik', 'baik', 'sedang', 'buruk', 'baik', 'baik', 'buruk', 'C'),
(167, 'baik', 'baik', 'sedang', 'buruk', 'baik', 'buruk', 'baik', 'C'),
(168, 'baik', 'baik', 'sedang', 'buruk', 'buruk', 'baik', 'baik', 'C'),
(169, 'baik', 'baik', 'buruk', 'sangat baik', 'baik', 'baik', 'baik', 'C'),
(170, 'baik', 'baik', 'buruk', 'sangat baik', 'baik', 'baik', 'buruk', 'C'),
(171, 'baik', 'baik', 'buruk', 'sangat baik', 'baik', 'buruk', 'baik', 'C'),
(172, 'baik', 'baik', 'buruk', 'sangat baik', 'baik', 'buruk', 'buruk', 'C'),
(173, 'baik', 'baik', 'buruk', 'sangat baik', 'buruk', 'baik', 'baik', 'C'),
(174, 'baik', 'baik', 'buruk', 'sangat baik', 'buruk', 'baik', 'buruk', 'C'),
(175, 'baik', 'baik', 'buruk', 'sangat baik', 'buruk', 'buruk', 'baik', 'C'),
(176, 'baik', 'baik', 'buruk', 'baik', 'baik', 'baik', 'baik', 'C'),
(177, 'baik', 'baik', 'buruk', 'baik', 'baik', 'baik', 'buruk', 'C'),
(178, 'baik', 'baik', 'buruk', 'baik', 'baik', 'buruk', 'baik', 'C'),
(179, 'baik', 'baik', 'buruk', 'baik', 'buruk', 'baik', 'baik', 'C'),
(180, 'baik', 'baik', 'buruk', 'sedang', 'baik', 'baik', 'baik', 'C'),
(181, 'baik', 'baik', 'buruk', 'sedang', 'baik', 'baik', 'buruk', 'C'),
(182, 'baik', 'baik', 'buruk', 'sedang', 'baik', 'buruk', 'baik', 'C'),
(183, 'baik', 'baik', 'buruk', 'sedang', 'buruk', 'baik', 'baik', 'C'),
(184, 'baik', 'baik', 'buruk', 'buruk', 'baik', 'baik', 'baik', 'C'),
(185, 'baik', 'sedang', 'sangat baik', 'sangat baik', 'baik', 'baik', 'buruk', 'C'),
(186, 'baik', 'sedang', 'sangat baik', 'sangat baik', 'baik', 'buruk', 'baik', 'C'),
(187, 'baik', 'sedang', 'sangat baik', 'sangat baik', 'baik', 'buruk', 'buruk', 'C'),
(188, 'baik', 'sedang', 'sangat baik', 'sangat baik', 'buruk', 'baik', 'baik', 'C'),
(189, 'baik', 'sedang', 'sangat baik', 'sangat baik', 'buruk', 'baik', 'buruk', 'C'),
(190, 'baik', 'sedang', 'sangat baik', 'sangat baik', 'buruk', 'buruk', 'baik', 'C'),
(191, 'baik', 'sedang', 'sangat baik', 'baik', 'baik', 'baik', 'buruk', 'C'),
(192, 'baik', 'sedang', 'sangat baik', 'baik', 'baik', 'buruk', 'baik', 'C'),
(193, 'baik', 'sedang', 'sangat baik', 'baik', 'baik', 'buruk', 'buruk', 'C'),
(194, 'baik', 'sedang', 'sangat baik', 'baik', 'buruk', 'baik', 'baik', 'C'),
(195, 'baik', 'sedang', 'sangat baik', 'baik', 'buruk', 'baik', 'buruk', 'C'),
(196, 'baik', 'sedang', 'sangat baik', 'baik', 'buruk', 'buruk', 'baik', 'C'),
(197, 'baik', 'sedang', 'sangat baik', 'sedang', 'baik', 'baik', 'baik', 'C'),
(198, 'baik', 'sedang', 'sangat baik', 'sedang', 'baik', 'baik', 'buruk', 'C'),
(199, 'baik', 'sedang', 'sangat baik', 'sedang', 'baik', 'buruk', 'baik', 'C'),
(200, 'baik', 'sedang', 'sangat baik', 'sedang', 'buruk', 'baik', 'baik', 'C'),
(201, 'baik', 'sedang', 'sangat baik', 'buruk', 'baik', 'baik', 'baik', 'C'),
(202, 'baik', 'sedang', 'sangat baik', 'buruk', 'baik', 'baik', 'buruk', 'C'),
(203, 'baik', 'sedang', 'sangat baik', 'buruk', 'baik', 'buruk', 'baik', 'C'),
(204, 'baik', 'sedang', 'sangat baik', 'buruk', 'buruk', 'baik', 'baik', 'C'),
(205, 'baik', 'sedang', 'baik', 'sangat baik', 'baik', 'baik', 'buruk', 'C'),
(206, 'baik', 'sedang', 'baik', 'sangat baik', 'baik', 'buruk', 'baik', 'C'),
(207, 'baik', 'sedang', 'baik', 'sangat baik', 'baik', 'buruk', 'buruk', 'C'),
(208, 'baik', 'sedang', 'baik', 'sangat baik', 'buruk', 'baik', 'baik', 'C'),
(209, 'baik', 'sedang', 'baik', 'sangat baik', 'buruk', 'baik', 'buruk', 'C'),
(210, 'baik', 'sedang', 'baik', 'sangat baik', 'buruk', 'buruk', 'baik', 'C'),
(211, 'baik', 'sedang', 'baik', 'baik', 'baik', 'baik', 'baik', 'C'),
(212, 'baik', 'sedang', 'baik', 'baik', 'baik', 'baik', 'buruk', 'C'),
(213, 'baik', 'sedang', 'baik', 'baik', 'baik', 'buruk', 'baik', 'C'),
(214, 'baik', 'sedang', 'baik', 'baik', 'buruk', 'baik', 'baik', 'C'),
(215, 'baik', 'sedang', 'baik', 'sedang', 'baik', 'baik', 'baik', 'C'),
(216, 'baik', 'sedang', 'baik', 'sedang', 'baik', 'baik', 'buruk', 'C'),
(217, 'baik', 'sedang', 'baik', 'sedang', 'baik', 'buruk', 'baik', 'C'),
(218, 'baik', 'sedang', 'baik', 'sedang', 'buruk', 'baik', 'baik', 'C'),
(219, 'baik', 'sedang', 'baik', 'buruk', 'baik', 'baik', 'baik', 'C'),
(220, 'baik', 'sedang', 'baik', 'buruk', 'baik', 'baik', 'buruk', 'C'),
(221, 'baik', 'sedang', 'baik', 'buruk', 'baik', 'buruk', 'baik', 'C'),
(222, 'baik', 'sedang', 'baik', 'buruk', 'buruk', 'baik', 'baik', 'C'),
(223, 'baik', 'sedang', 'sedang', 'sangat baik', 'baik', 'baik', 'baik', 'C'),
(224, 'baik', 'sedang', 'sedang', 'sangat baik', 'baik', 'baik', 'buruk', 'C'),
(225, 'baik', 'sedang', 'sedang', 'sangat baik', 'baik', 'buruk', 'baik', 'C'),
(226, 'baik', 'sedang', 'sedang', 'sangat baik', 'buruk', 'baik', 'baik', 'C'),
(227, 'baik', 'sedang', 'sedang', 'baik', 'baik', 'baik', 'baik', 'C'),
(228, 'baik', 'sedang', 'sedang', 'baik', 'baik', 'baik', 'buruk', 'C'),
(229, 'baik', 'sedang', 'sedang', 'baik', 'baik', 'buruk', 'baik', 'C'),
(230, 'baik', 'sedang', 'sedang', 'baik', 'buruk', 'baik', 'baik', 'C'),
(231, 'baik', 'sedang', 'sedang', 'sedang', 'baik', 'baik', 'baik', 'C'),
(232, 'baik', 'sedang', 'sedang', 'buruk', 'baik', 'baik', 'baik', 'C'),
(233, 'baik', 'sedang', 'buruk', 'sangat baik', 'baik', 'baik', 'baik', 'C'),
(234, 'baik', 'sedang', 'buruk', 'sangat baik', 'baik', 'baik', 'buruk', 'C'),
(235, 'baik', 'sedang', 'buruk', 'sangat baik', 'baik', 'buruk', 'baik', 'C'),
(236, 'baik', 'sedang', 'buruk', 'sangat baik', 'buruk', 'baik', 'baik', 'C'),
(237, 'baik', 'sedang', 'buruk', 'baik', 'baik', 'baik', 'baik', 'C'),
(238, 'baik', 'sedang', 'buruk', 'baik', 'baik', 'baik', 'buruk', 'C'),
(239, 'baik', 'sedang', 'buruk', 'baik', 'baik', 'buruk', 'baik', 'C'),
(240, 'baik', 'sedang', 'buruk', 'baik', 'buruk', 'baik', 'baik', 'C'),
(241, 'baik', 'sedang', 'buruk', 'sedang', 'baik', 'baik', 'baik', 'C'),
(242, 'baik', 'sedang', 'buruk', 'buruk', 'baik', 'baik', 'baik', 'C'),
(243, 'baik', 'buruk', 'sangat baik', 'sangat baik', 'baik', 'baik', 'buruk', 'C'),
(244, 'baik', 'buruk', 'sangat baik', 'sangat baik', 'baik', 'buruk', 'baik', 'C'),
(245, 'baik', 'buruk', 'sangat baik', 'sangat baik', 'baik', 'buruk', 'buruk', 'C'),
(246, 'baik', 'buruk', 'sangat baik', 'sangat baik', 'buruk', 'baik', 'baik', 'C'),
(247, 'baik', 'buruk', 'sangat baik', 'sangat baik', 'buruk', 'baik', 'buruk', 'C'),
(248, 'baik', 'buruk', 'sangat baik', 'sangat baik', 'buruk', 'buruk', 'baik', 'C'),
(249, 'baik', 'buruk', 'sangat baik', 'baik', 'baik', 'baik', 'buruk', 'C'),
(250, 'baik', 'buruk', 'sangat baik', 'baik', 'baik', 'buruk', 'baik', 'C'),
(251, 'baik', 'buruk', 'sangat baik', 'baik', 'buruk', 'baik', 'baik', 'C'),
(252, 'baik', 'buruk', 'sangat baik', 'sedang', 'baik', 'baik', 'baik', 'C'),
(253, 'baik', 'buruk', 'sangat baik', 'sedang', 'baik', 'baik', 'buruk', 'C'),
(254, 'baik', 'buruk', 'sangat baik', 'sedang', 'baik', 'buruk', 'baik', 'C'),
(255, 'baik', 'buruk', 'sangat baik', 'sedang', 'buruk', 'baik', 'baik', 'C'),
(256, 'baik', 'buruk', 'sangat baik', 'buruk', 'baik', 'baik', 'baik', 'C'),
(257, 'baik', 'buruk', 'sangat baik', 'buruk', 'baik', 'baik', 'buruk', 'C'),
(258, 'baik', 'buruk', 'sangat baik', 'buruk', 'baik', 'buruk', 'baik', 'C'),
(259, 'baik', 'buruk', 'sangat baik', 'buruk', 'buruk', 'baik', 'baik', 'C'),
(260, 'baik', 'buruk', 'baik', 'sangat baik', 'baik', 'baik', 'buruk', 'C'),
(261, 'baik', 'buruk', 'baik', 'sangat baik', 'baik', 'buruk', 'baik', 'C'),
(262, 'baik', 'buruk', 'baik', 'sangat baik', 'buruk', 'baik', 'baik', 'C'),
(263, 'baik', 'buruk', 'baik', 'baik', 'baik', 'baik', 'baik', 'C'),
(264, 'baik', 'buruk', 'baik', 'baik', 'baik', 'baik', 'buruk', 'C'),
(265, 'baik', 'buruk', 'baik', 'baik', 'baik', 'buruk', 'baik', 'C'),
(266, 'baik', 'buruk', 'baik', 'baik', 'buruk', 'baik', 'baik', 'C'),
(267, 'baik', 'buruk', 'baik', 'sedang', 'baik', 'baik', 'baik', 'C'),
(268, 'baik', 'buruk', 'baik', 'sedang', 'baik', 'baik', 'buruk', 'C'),
(269, 'baik', 'buruk', 'baik', 'sedang', 'baik', 'buruk', 'baik', 'C'),
(270, 'baik', 'buruk', 'baik', 'sedang', 'buruk', 'baik', 'baik', 'C'),
(271, 'baik', 'buruk', 'baik', 'buruk', 'baik', 'baik', 'baik', 'C'),
(272, 'baik', 'buruk', 'sedang', 'sangat baik', 'baik', 'baik', 'baik', 'C'),
(273, 'baik', 'buruk', 'sedang', 'sangat baik', 'baik', 'baik', 'buruk', 'C'),
(274, 'baik', 'buruk', 'sedang', 'sangat baik', 'baik', 'buruk', 'baik', 'C'),
(275, 'baik', 'buruk', 'sedang', 'sangat baik', 'buruk', 'baik', 'baik', 'C'),
(276, 'baik', 'buruk', 'sedang', 'baik', 'baik', 'baik', 'baik', 'C'),
(277, 'baik', 'buruk', 'sedang', 'baik', 'baik', 'baik', 'buruk', 'C'),
(278, 'baik', 'buruk', 'sedang', 'baik', 'baik', 'buruk', 'baik', 'C'),
(279, 'baik', 'buruk', 'sedang', 'baik', 'buruk', 'baik', 'baik', 'C'),
(280, 'baik', 'buruk', 'sedang', 'sedang', 'baik', 'baik', 'baik', 'C'),
(281, 'baik', 'buruk', 'sedang', 'buruk', 'baik', 'baik', 'baik', 'C'),
(282, 'baik', 'buruk', 'buruk', 'sangat baik', 'baik', 'baik', 'baik', 'C'),
(283, 'baik', 'buruk', 'buruk', 'sangat baik', 'baik', 'baik', 'buruk', 'C'),
(284, 'baik', 'buruk', 'buruk', 'sangat baik', 'baik', 'buruk', 'baik', 'C'),
(285, 'baik', 'buruk', 'buruk', 'sangat baik', 'buruk', 'baik', 'baik', 'C'),
(286, 'baik', 'buruk', 'buruk', 'baik', 'baik', 'baik', 'baik', 'C'),
(287, 'baik', 'buruk', 'buruk', 'baik', 'baik', 'baik', 'buruk', 'C'),
(288, 'baik', 'buruk', 'buruk', 'sedang', 'baik', 'baik', 'baik', 'C'),
(289, 'baik', 'buruk', 'buruk', 'buruk', 'baik', 'baik', 'baik', 'C'),
(290, 'buruk', 'sangat baik', 'sangat baik', 'sangat baik', 'baik', 'baik', 'buruk', 'C'),
(291, 'buruk', 'sangat baik', 'sangat baik', 'sangat baik', 'baik', 'buruk', 'baik', 'C'),
(292, 'buruk', 'sangat baik', 'sangat baik', 'sangat baik', 'baik', 'buruk', 'buruk', 'C'),
(293, 'buruk', 'sangat baik', 'sangat baik', 'sangat baik', 'buruk', 'baik', 'baik', 'C'),
(294, 'buruk', 'sangat baik', 'sangat baik', 'sangat baik', 'buruk', 'baik', 'buruk', 'C'),
(295, 'buruk', 'sangat baik', 'sangat baik', 'sangat baik', 'buruk', 'buruk', 'baik', 'C'),
(296, 'buruk', 'sangat baik', 'sangat baik', 'baik', 'baik', 'baik', 'buruk', 'C'),
(297, 'buruk', 'sangat baik', 'sangat baik', 'baik', 'baik', 'buruk', 'baik', 'C'),
(298, 'buruk', 'sangat baik', 'sangat baik', 'baik', 'buruk', 'baik', 'baik', 'C'),
(299, 'buruk', 'sangat baik', 'sangat baik', 'sedang', 'baik', 'baik', 'baik', 'C'),
(300, 'buruk', 'sangat baik', 'sangat baik', 'sedang', 'baik', 'baik', 'buruk', 'C'),
(301, 'buruk', 'sangat baik', 'sangat baik', 'sedang', 'baik', 'buruk', 'baik', 'C'),
(302, 'buruk', 'sangat baik', 'sangat baik', 'sedang', 'buruk', 'baik', 'baik', 'C'),
(303, 'buruk', 'sangat baik', 'sangat baik', 'buruk', 'baik', 'baik', 'baik', 'C'),
(304, 'buruk', 'sangat baik', 'sangat baik', 'buruk', 'baik', 'baik', 'buruk', 'C'),
(305, 'buruk', 'sangat baik', 'sangat baik', 'buruk', 'baik', 'buruk', 'baik', 'C'),
(306, 'buruk', 'sangat baik', 'sangat baik', 'buruk', 'buruk', 'baik', 'baik', 'C'),
(307, 'buruk', 'sangat baik', 'baik', 'sangat baik', 'baik', 'baik', 'buruk', 'C'),
(308, 'buruk', 'sangat baik', 'baik', 'sangat baik', 'baik', 'buruk', 'baik', 'C'),
(309, 'buruk', 'sangat baik', 'baik', 'sangat baik', 'buruk', 'baik', 'baik', 'C'),
(310, 'buruk', 'sangat baik', 'baik', 'baik', 'baik', 'baik', 'baik', 'C'),
(311, 'buruk', 'sangat baik', 'baik', 'baik', 'baik', 'baik', 'buruk', 'C'),
(312, 'buruk', 'sangat baik', 'baik', 'baik', 'baik', 'buruk', 'baik', 'C'),
(313, 'buruk', 'sangat baik', 'baik', 'baik', 'buruk', 'baik', 'baik', 'C'),
(314, 'buruk', 'sangat baik', 'baik', 'sedang', 'baik', 'baik', 'baik', 'C'),
(315, 'buruk', 'sangat baik', 'baik', 'sedang', 'baik', 'baik', 'buruk', 'C'),
(316, 'buruk', 'sangat baik', 'baik', 'sedang', 'baik', 'buruk', 'baik', 'C'),
(317, 'buruk', 'sangat baik', 'baik', 'sedang', 'buruk', 'baik', 'baik', 'C'),
(318, 'buruk', 'sangat baik', 'baik', 'buruk', 'baik', 'baik', 'baik', 'C'),
(319, 'buruk', 'sangat baik', 'sedang', 'sangat baik', 'baik', 'baik', 'baik', 'C'),
(320, 'buruk', 'sangat baik', 'sedang', 'sangat baik', 'baik', 'baik', 'buruk', 'C'),
(321, 'buruk', 'sangat baik', 'sedang', 'sangat baik', 'baik', 'buruk', 'baik', 'C'),
(322, 'buruk', 'sangat baik', 'sedang', 'sangat baik', 'buruk', 'baik', 'baik', 'C'),
(323, 'buruk', 'sangat baik', 'sedang', 'baik', 'baik', 'baik', 'baik', 'C'),
(324, 'buruk', 'sangat baik', 'sedang', 'baik', 'baik', 'baik', 'buruk', 'C'),
(325, 'buruk', 'sangat baik', 'sedang', 'baik', 'baik', 'buruk', 'baik', 'C'),
(326, 'buruk', 'sangat baik', 'sedang', 'baik', 'buruk', 'baik', 'baik', 'C'),
(327, 'buruk', 'sangat baik', 'sedang', 'sedang', 'baik', 'baik', 'baik', 'C'),
(328, 'buruk', 'sangat baik', 'sedang', 'buruk', 'baik', 'baik', 'baik', 'C'),
(329, 'buruk', 'sangat baik', 'buruk', 'sangat baik', 'baik', 'baik', 'baik', 'C'),
(330, 'buruk', 'sangat baik', 'buruk', 'sangat baik', 'baik', 'baik', 'buruk', 'C'),
(331, 'buruk', 'sangat baik', 'buruk', 'sangat baik', 'baik', 'buruk', 'baik', 'C'),
(332, 'buruk', 'sangat baik', 'buruk', 'sangat baik', 'buruk', 'baik', 'baik', 'C'),
(333, 'buruk', 'sangat baik', 'buruk', 'baik', 'baik', 'baik', 'baik', 'C'),
(334, 'buruk', 'sangat baik', 'buruk', 'sedang', 'baik', 'baik', 'baik', 'C'),
(335, 'buruk', 'sangat baik', 'buruk', 'buruk', 'baik', 'baik', 'baik', 'C'),
(336, 'buruk', 'baik', 'sangat baik', 'sangat baik', 'baik', 'baik', 'buruk', 'C'),
(337, 'buruk', 'baik', 'sangat baik', 'sangat baik', 'baik', 'buruk', 'baik', 'C'),
(338, 'buruk', 'baik', 'sangat baik', 'sangat baik', 'buruk', 'baik', 'baik', 'C'),
(339, 'buruk', 'baik', 'sangat baik', 'baik', 'baik', 'baik', 'baik', 'C'),
(340, 'buruk', 'baik', 'sangat baik', 'baik', 'baik', 'baik', 'buruk', 'C'),
(341, 'buruk', 'baik', 'sangat baik', 'baik', 'baik', 'buruk', 'baik', 'C'),
(342, 'buruk', 'baik', 'sangat baik', 'baik', 'buruk', 'baik', 'baik', 'C'),
(343, 'buruk', 'baik', 'sangat baik', 'sedang', 'baik', 'baik', 'baik', 'C'),
(344, 'buruk', 'baik', 'sangat baik', 'sedang', 'baik', 'baik', 'buruk', 'C'),
(345, 'buruk', 'baik', 'sangat baik', 'sedang', 'baik', 'buruk', 'baik', 'C'),
(346, 'buruk', 'baik', 'sangat baik', 'sedang', 'buruk', 'baik', 'baik', 'C'),
(347, 'buruk', 'baik', 'sangat baik', 'buruk', 'baik', 'baik', 'baik', 'C'),
(348, 'buruk', 'baik', 'baik', 'sangat baik', 'baik', 'baik', 'baik', 'C'),
(349, 'buruk', 'baik', 'baik', 'sangat baik', 'baik', 'baik', 'buruk', 'C'),
(350, 'buruk', 'baik', 'baik', 'sangat baik', 'baik', 'buruk', 'baik', 'C'),
(351, 'buruk', 'baik', 'baik', 'sangat baik', 'buruk', 'baik', 'baik', 'C'),
(352, 'buruk', 'baik', 'baik', 'baik', 'baik', 'baik', 'baik', 'C'),
(353, 'buruk', 'baik', 'baik', 'baik', 'baik', 'baik', 'buruk', 'C'),
(354, 'buruk', 'baik', 'baik', 'baik', 'baik', 'buruk', 'baik', 'C'),
(355, 'buruk', 'baik', 'baik', 'baik', 'buruk', 'baik', 'baik', 'C'),
(356, 'buruk', 'baik', 'baik', 'sedang', 'baik', 'baik', 'baik', 'C'),
(357, 'buruk', 'baik', 'baik', 'sedang', 'baik', 'baik', 'buruk', 'C'),
(358, 'buruk', 'baik', 'baik', 'sedang', 'baik', 'buruk', 'baik', 'C'),
(359, 'buruk', 'baik', 'baik', 'sedang', 'buruk', 'baik', 'baik', 'C'),
(360, 'buruk', 'baik', 'baik', 'buruk', 'baik', 'baik', 'baik', 'C'),
(361, 'buruk', 'baik', 'sedang', 'sangat baik', 'baik', 'baik', 'baik', 'C'),
(362, 'buruk', 'baik', 'sedang', 'sangat baik', 'baik', 'baik', 'buruk', 'C'),
(363, 'buruk', 'baik', 'sedang', 'sangat baik', 'baik', 'buruk', 'baik', 'C'),
(364, 'buruk', 'baik', 'sedang', 'sangat baik', 'buruk', 'baik', 'baik', 'C'),
(365, 'buruk', 'baik', 'sedang', 'baik', 'baik', 'baik', 'baik', 'C'),
(366, 'buruk', 'baik', 'sedang', 'sedang', 'baik', 'baik', 'baik', 'C'),
(367, 'buruk', 'baik', 'sedang', 'buruk', 'baik', 'baik', 'baik', 'C'),
(368, 'buruk', 'baik', 'buruk', 'sangat baik', 'baik', 'baik', 'baik', 'C'),
(369, 'buruk', 'baik', 'buruk', 'baik', 'baik', 'baik', 'baik', 'C'),
(370, 'buruk', 'baik', 'buruk', 'sedang', 'baik', 'baik', 'baik', 'C'),
(371, 'buruk', 'baik', 'buruk', 'buruk', 'baik', 'baik', 'baik', 'C'),
(372, 'buruk', 'sedang', 'sangat baik', 'sangat baik', 'baik', 'baik', 'baik', 'C'),
(373, 'buruk', 'sedang', 'sangat baik', 'sangat baik', 'baik', 'baik', 'buruk', 'C'),
(374, 'buruk', 'sedang', 'sangat baik', 'sangat baik', 'baik', 'buruk', 'baik', 'C'),
(375, 'buruk', 'sedang', 'sangat baik', 'sangat baik', 'buruk', 'baik', 'baik', 'C'),
(376, 'buruk', 'sedang', 'sangat baik', 'baik', 'baik', 'baik', 'baik', 'C'),
(377, 'buruk', 'sedang', 'sangat baik', 'sedang', 'baik', 'baik', 'baik', 'C'),
(378, 'buruk', 'sedang', 'sangat baik', 'buruk', 'baik', 'baik', 'baik', 'C'),
(379, 'buruk', 'sedang', 'baik', 'sangat baik', 'baik', 'baik', 'baik', 'C'),
(380, 'buruk', 'sedang', 'baik', 'baik', 'baik', 'baik', 'baik', 'C'),
(381, 'buruk', 'sedang', 'baik', 'sedang', 'baik', 'baik', 'baik', 'C'),
(382, 'buruk', 'sedang', 'baik', 'buruk', 'baik', 'baik', 'baik', 'C'),
(383, 'buruk', 'sedang', 'sedang', 'sangat baik', 'baik', 'baik', 'baik', 'C'),
(384, 'buruk', 'sedang', 'sedang', 'baik', 'baik', 'baik', 'baik', 'C'),
(385, 'buruk', 'sedang', 'buruk', 'sangat baik', 'baik', 'baik', 'baik', 'C'),
(386, 'buruk', 'sedang', 'buruk', 'baik', 'baik', 'baik', 'baik', 'C'),
(387, 'buruk', 'buruk', 'sangat baik', 'sangat baik', 'baik', 'baik', 'baik', 'C'),
(388, 'buruk', 'buruk', 'sangat baik', 'sangat baik', 'baik', 'baik', 'buruk', 'C'),
(389, 'buruk', 'buruk', 'sangat baik', 'sangat baik', 'baik', 'buruk', 'baik', 'C'),
(390, 'buruk', 'buruk', 'sangat baik', 'sangat baik', 'buruk', 'baik', 'baik', 'C'),
(391, 'buruk', 'buruk', 'sangat baik', 'baik', 'baik', 'baik', 'baik', 'C'),
(392, 'buruk', 'buruk', 'sangat baik', 'sedang', 'baik', 'baik', 'baik', 'C'),
(393, 'buruk', 'buruk', 'sangat baik', 'buruk', 'baik', 'baik', 'baik', 'C'),
(394, 'buruk', 'buruk', 'baik', 'sangat baik', 'baik', 'baik', 'baik', 'C'),
(395, 'buruk', 'buruk', 'baik', 'baik', 'baik', 'baik', 'baik', 'C'),
(396, 'buruk', 'buruk', 'baik', 'sedang', 'baik', 'baik', 'baik', 'C'),
(397, 'buruk', 'buruk', 'baik', 'buruk', 'baik', 'baik', 'baik', 'C'),
(398, 'buruk', 'buruk', 'sedang', 'sangat baik', 'baik', 'baik', 'baik', 'C'),
(399, 'buruk', 'buruk', 'sedang', 'baik', 'baik', 'baik', 'baik', 'C'),
(400, 'buruk', 'buruk', 'buruk', 'sangat baik', 'baik', 'baik', 'baik', 'C'),
(401, 'buruk', 'sangat baik', 'sangat baik', 'baik', 'baik', 'buruk', 'buruk', 'D'),
(402, 'buruk', 'buruk', 'buruk', 'baik', 'baik', 'baik', 'baik', 'C'),
(403, 'baik', 'sangat baik', 'sangat baik', 'baik', 'buruk', 'buruk', 'buruk', 'D'),
(404, 'baik', 'sangat baik', 'sangat baik', 'sedang', 'buruk', 'buruk', 'buruk', 'D'),
(405, 'baik', 'sangat baik', 'sangat baik', 'buruk', 'baik', 'buruk', 'buruk', 'D'),
(406, 'baik', 'sangat baik', 'sangat baik', 'buruk', 'buruk', 'baik', 'buruk', 'D'),
(407, 'baik', 'sangat baik', 'sangat baik', 'buruk', 'buruk', 'buruk', 'baik', 'D'),
(408, 'baik', 'sangat baik', 'sangat baik', 'buruk', 'buruk', 'buruk', 'buruk', 'D'),
(409, 'baik', 'sangat baik', 'baik', 'sangat baik', 'buruk', 'buruk', 'buruk', 'D'),
(410, 'baik', 'sangat baik', 'baik', 'baik', 'buruk', 'buruk', 'buruk', 'D'),
(411, 'baik', 'sangat baik', 'baik', 'sedang', 'buruk', 'buruk', 'buruk', 'D'),
(412, 'baik', 'sangat baik', 'baik', 'buruk', 'baik', 'buruk', 'buruk', 'D'),
(413, 'baik', 'sangat baik', 'baik', 'buruk', 'buruk', 'baik', 'buruk', 'D'),
(414, 'baik', 'sangat baik', 'baik', 'buruk', 'buruk', 'buruk', 'baik', 'D'),
(415, 'baik', 'sangat baik', 'baik', 'buruk', 'buruk', 'buruk', 'buruk', 'D'),
(416, 'baik', 'sangat baik', 'sedang', 'sangat baik', 'buruk', 'buruk', 'buruk', 'D'),
(417, 'baik', 'sangat baik', 'sedang', 'baik', 'buruk', 'buruk', 'buruk', 'D'),
(418, 'baik', 'sangat baik', 'sedang', 'sedang', 'baik', 'buruk', 'buruk', 'D'),
(419, 'baik', 'sangat baik', 'sedang', 'sedang', 'buruk', 'baik', 'buruk', 'D'),
(420, 'baik', 'sangat baik', 'sedang', 'sedang', 'buruk', 'buruk', 'baik', 'D'),
(421, 'baik', 'sangat baik', 'sedang', 'sedang', 'buruk', 'buruk', 'buruk', 'D'),
(422, 'baik', 'sangat baik', 'sedang', 'buruk', 'baik', 'buruk', 'buruk', 'D'),
(423, 'baik', 'sangat baik', 'sedang', 'buruk', 'buruk', 'baik', 'buruk', 'D'),
(424, 'baik', 'sangat baik', 'sedang', 'buruk', 'buruk', 'buruk', 'baik', 'D'),
(425, 'baik', 'sangat baik', 'sedang', 'buruk', 'buruk', 'buruk', 'buruk', 'D'),
(426, 'baik', 'sangat baik', 'buruk', 'sangat baik', 'buruk', 'buruk', 'buruk', 'D'),
(427, 'baik', 'sangat baik', 'buruk', 'baik', 'baik', 'buruk', 'buruk', 'D'),
(428, 'baik', 'sangat baik', 'buruk', 'baik', 'buruk', 'baik', 'buruk', 'D'),
(429, 'baik', 'sangat baik', 'buruk', 'baik', 'buruk', 'buruk', 'baik', 'D'),
(430, 'baik', 'sangat baik', 'buruk', 'baik', 'buruk', 'buruk', 'buruk', 'D'),
(431, 'baik', 'sangat baik', 'buruk', 'sedang', 'baik', 'buruk', 'buruk', 'D'),
(432, 'baik', 'sangat baik', 'buruk', 'sedang', 'buruk', 'baik', 'buruk', 'D'),
(433, 'baik', 'sangat baik', 'buruk', 'sedang', 'buruk', 'buruk', 'baik', 'D'),
(434, 'baik', 'sangat baik', 'buruk', 'sedang', 'buruk', 'buruk', 'buruk', 'D'),
(435, 'baik', 'sangat baik', 'buruk', 'buruk', 'baik', 'buruk', 'buruk', 'D'),
(436, 'baik', 'sangat baik', 'buruk', 'buruk', 'buruk', 'baik', 'buruk', 'D'),
(437, 'baik', 'sangat baik', 'buruk', 'buruk', 'buruk', 'buruk', 'baik', 'D'),
(438, 'baik', 'sangat baik', 'buruk', 'buruk', 'buruk', 'buruk', 'buruk', 'D'),
(439, 'baik', 'baik', 'sangat baik', 'sangat baik', 'buruk', 'buruk', 'buruk', 'D'),
(440, 'baik', 'baik', 'sangat baik', 'baik', 'buruk', 'buruk', 'buruk', 'D'),
(441, 'baik', 'baik', 'sangat baik', 'sedang', 'buruk', 'buruk', 'buruk', 'D'),
(442, 'baik', 'baik', 'sangat baik', 'buruk', 'baik', 'buruk', 'buruk', 'D'),
(443, 'baik', 'baik', 'sangat baik', 'buruk', 'buruk', 'baik', 'buruk', 'D'),
(444, 'baik', 'baik', 'sangat baik', 'buruk', 'buruk', 'buruk', 'baik', 'D'),
(445, 'baik', 'baik', 'sangat baik', 'buruk', 'buruk', 'buruk', 'buruk', 'D'),
(446, 'baik', 'baik', 'baik', 'sangat baik', 'buruk', 'buruk', 'buruk', 'D'),
(447, 'baik', 'baik', 'baik', 'baik', 'baik', 'buruk', 'buruk', 'D'),
(448, 'baik', 'baik', 'baik', 'baik', 'buruk', 'baik', 'buruk', 'D'),
(449, 'baik', 'baik', 'baik', 'baik', 'buruk', 'buruk', 'baik', 'D'),
(450, 'baik', 'baik', 'baik', 'baik', 'buruk', 'buruk', 'buruk', 'D'),
(451, 'baik', 'baik', 'baik', 'sedang', 'baik', 'buruk', 'buruk', 'D'),
(452, 'baik', 'baik', 'baik', 'sedang', 'buruk', 'baik', 'buruk', 'D'),
(453, 'baik', 'baik', 'baik', 'sedang', 'buruk', 'buruk', 'baik', 'D'),
(454, 'baik', 'baik', 'baik', 'sedang', 'buruk', 'buruk', 'buruk', 'D'),
(455, 'baik', 'baik', 'baik', 'buruk', 'baik', 'buruk', 'buruk', 'D'),
(456, 'baik', 'baik', 'baik', 'buruk', 'buruk', 'baik', 'buruk', 'D'),
(457, 'baik', 'baik', 'baik', 'buruk', 'buruk', 'buruk', 'baik', 'D'),
(458, 'baik', 'baik', 'baik', 'buruk', 'buruk', 'buruk', 'buruk', 'D'),
(459, 'baik', 'baik', 'sedang', 'sangat baik', 'buruk', 'buruk', 'buruk', 'D'),
(460, 'baik', 'baik', 'sedang', 'baik', 'buruk', 'buruk', 'buruk', 'D'),
(461, 'baik', 'baik', 'sedang', 'sedang', 'baik', 'buruk', 'buruk', 'D'),
(462, 'baik', 'baik', 'sedang', 'sedang', 'buruk', 'baik', 'buruk', 'D'),
(463, 'baik', 'baik', 'sedang', 'sedang', 'buruk', 'buruk', 'baik', 'D'),
(464, 'baik', 'baik', 'sedang', 'sedang', 'buruk', 'buruk', 'buruk', 'D'),
(465, 'baik', 'baik', 'sedang', 'buruk', 'baik', 'buruk', 'buruk', 'D'),
(466, 'baik', 'baik', 'sedang', 'buruk', 'buruk', 'baik', 'buruk', 'D'),
(467, 'baik', 'baik', 'sedang', 'buruk', 'buruk', 'buruk', 'baik', 'D'),
(468, 'baik', 'baik', 'sedang', 'buruk', 'buruk', 'buruk', 'buruk', 'D'),
(469, 'baik', 'baik', 'buruk', 'sangat baik', 'buruk', 'buruk', 'buruk', 'D'),
(470, 'baik', 'baik', 'buruk', 'baik', 'baik', 'buruk', 'buruk', 'D'),
(471, 'baik', 'baik', 'buruk', 'baik', 'buruk', 'baik', 'buruk', 'D'),
(472, 'baik', 'baik', 'buruk', 'baik', 'buruk', 'buruk', 'baik', 'D'),
(473, 'baik', 'baik', 'buruk', 'baik', 'buruk', 'buruk', 'buruk', 'D'),
(474, 'baik', 'baik', 'buruk', 'sedang', 'baik', 'buruk', 'buruk', 'D'),
(475, 'baik', 'baik', 'buruk', 'sedang', 'buruk', 'baik', 'buruk', 'D'),
(476, 'baik', 'baik', 'buruk', 'sedang', 'buruk', 'buruk', 'baik', 'D'),
(477, 'baik', 'baik', 'buruk', 'sedang', 'buruk', 'buruk', 'buruk', 'D'),
(478, 'baik', 'baik', 'buruk', 'buruk', 'baik', 'baik', 'buruk', 'D'),
(479, 'baik', 'baik', 'buruk', 'buruk', 'baik', 'buruk', 'baik', 'D'),
(480, 'baik', 'baik', 'buruk', 'buruk', 'baik', 'buruk', 'buruk', 'D'),
(481, 'baik', 'baik', 'buruk', 'buruk', 'buruk', 'baik', 'baik', 'D'),
(482, 'baik', 'baik', 'buruk', 'buruk', 'buruk', 'baik', 'buruk', 'D'),
(483, 'baik', 'baik', 'buruk', 'buruk', 'buruk', 'buruk', 'baik', 'D'),
(484, 'baik', 'baik', 'buruk', 'buruk', 'buruk', 'buruk', 'buruk', 'D'),
(485, 'baik', 'sedang', 'sangat baik', 'sangat baik', 'buruk', 'buruk', 'buruk', 'D'),
(486, 'baik', 'sedang', 'sangat baik', 'baik', 'buruk', 'buruk', 'buruk', 'D'),
(487, 'baik', 'sedang', 'sangat baik', 'sedang', 'baik', 'buruk', 'buruk', 'D'),
(488, 'baik', 'sedang', 'sangat baik', 'sedang', 'buruk', 'baik', 'buruk', 'D'),
(489, 'baik', 'sedang', 'sangat baik', 'sedang', 'buruk', 'buruk', 'baik', 'D'),
(490, 'baik', 'sedang', 'sangat baik', 'sedang', 'buruk', 'buruk', 'buruk', 'D'),
(491, 'baik', 'sedang', 'sangat baik', 'buruk', 'baik', 'buruk', 'buruk', 'D'),
(492, 'baik', 'sedang', 'sangat baik', 'buruk', 'buruk', 'baik', 'buruk', 'D'),
(493, 'baik', 'sedang', 'sangat baik', 'buruk', 'buruk', 'buruk', 'baik', 'D'),
(494, 'baik', 'sedang', 'sangat baik', 'buruk', 'buruk', 'buruk', 'buruk', 'D'),
(495, 'baik', 'sedang', 'baik', 'sangat baik', 'buruk', 'buruk', 'buruk', 'D'),
(496, 'baik', 'sedang', 'baik', 'baik', 'baik', 'buruk', 'buruk', 'D'),
(497, 'baik', 'sedang', 'baik', 'baik', 'buruk', 'baik', 'buruk', 'D'),
(498, 'baik', 'sedang', 'baik', 'baik', 'buruk', 'buruk', 'baik', 'D'),
(499, 'baik', 'sedang', 'baik', 'baik', 'buruk', 'buruk', 'buruk', 'D'),
(500, 'baik', 'sedang', 'baik', 'sedang', 'baik', 'buruk', 'buruk', 'D'),
(501, 'baik', 'sedang', 'baik', 'sedang', 'buruk', 'baik', 'buruk', 'D'),
(502, 'baik', 'sedang', 'baik', 'sedang', 'buruk', 'buruk', 'baik', 'D'),
(503, 'baik', 'sedang', 'baik', 'sedang', 'buruk', 'buruk', 'buruk', 'D'),
(504, 'baik', 'sedang', 'baik', 'buruk', 'baik', 'buruk', 'buruk', 'D'),
(505, 'baik', 'sedang', 'baik', 'buruk', 'buruk', 'baik', 'buruk', 'D'),
(506, 'baik', 'sedang', 'baik', 'buruk', 'buruk', 'buruk', 'baik', 'D'),
(507, 'baik', 'sedang', 'baik', 'buruk', 'buruk', 'buruk', 'buruk', 'D'),
(508, 'baik', 'sedang', 'sedang', 'sangat baik', 'baik', 'buruk', 'buruk', 'D'),
(509, 'baik', 'sedang', 'sedang', 'sangat baik', 'buruk', 'baik', 'buruk', 'D'),
(510, 'baik', 'sedang', 'sedang', 'sangat baik', 'buruk', 'buruk', 'baik', 'D'),
(511, 'baik', 'sedang', 'sedang', 'sangat baik', 'buruk', 'buruk', 'buruk', 'D'),
(512, 'baik', 'sedang', 'sedang', 'baik', 'baik', 'buruk', 'buruk', 'D'),
(513, 'baik', 'sedang', 'sedang', 'baik', 'buruk', 'baik', 'buruk', 'D'),
(514, 'baik', 'sedang', 'sedang', 'baik', 'buruk', 'buruk', 'baik', 'D'),
(515, 'baik', 'sedang', 'sedang', 'baik', 'buruk', 'buruk', 'buruk', 'D'),
(516, 'baik', 'sedang', 'sedang', 'sedang', 'baik', 'baik', 'buruk', 'D'),
(517, 'baik', 'sedang', 'sedang', 'sedang', 'baik', 'buruk', 'baik', 'D'),
(518, 'baik', 'sedang', 'sedang', 'sedang', 'baik', 'buruk', 'buruk', 'D'),
(519, 'baik', 'sedang', 'sedang', 'sedang', 'buruk', 'baik', 'baik', 'D'),
(520, 'baik', 'sedang', 'sedang', 'sedang', 'buruk', 'baik', 'buruk', 'D'),
(521, 'baik', 'sedang', 'sedang', 'sedang', 'buruk', 'buruk', 'baik', 'D'),
(522, 'baik', 'sedang', 'sedang', 'sedang', 'buruk', 'buruk', 'buruk', 'D'),
(523, 'baik', 'sedang', 'sedang', 'buruk', 'baik', 'baik', 'buruk', 'D'),
(524, 'baik', 'sedang', 'sedang', 'buruk', 'baik', 'buruk', 'baik', 'D'),
(525, 'baik', 'sedang', 'sedang', 'buruk', 'baik', 'buruk', 'buruk', 'D'),
(526, 'baik', 'sedang', 'sedang', 'buruk', 'buruk', 'baik', 'baik', 'D'),
(527, 'baik', 'sedang', 'sedang', 'buruk', 'buruk', 'baik', 'buruk', 'D'),
(528, 'baik', 'sedang', 'sedang', 'buruk', 'buruk', 'buruk', 'baik', 'D'),
(529, 'baik', 'sedang', 'sedang', 'buruk', 'buruk', 'buruk', 'buruk', 'D'),
(530, 'baik', 'sedang', 'buruk', 'sangat baik', 'baik', 'buruk', 'buruk', 'D'),
(531, 'baik', 'sedang', 'buruk', 'sangat baik', 'buruk', 'baik', 'buruk', 'D'),
(532, 'baik', 'sedang', 'buruk', 'sangat baik', 'buruk', 'buruk', 'baik', 'D'),
(533, 'baik', 'sedang', 'buruk', 'sangat baik', 'buruk', 'buruk', 'buruk', 'D'),
(534, 'baik', 'sedang', 'buruk', 'baik', 'baik', 'buruk', 'buruk', 'D'),
(535, 'baik', 'sedang', 'buruk', 'baik', 'buruk', 'baik', 'buruk', 'D'),
(536, 'baik', 'sedang', 'buruk', 'baik', 'buruk', 'buruk', 'baik', 'D'),
(537, 'baik', 'sedang', 'buruk', 'baik', 'buruk', 'buruk', 'buruk', 'D'),
(538, 'baik', 'sedang', 'buruk', 'sedang', 'baik', 'baik', 'buruk', 'D'),
(539, 'baik', 'sedang', 'buruk', 'sedang', 'baik', 'buruk', 'baik', 'D'),
(540, 'baik', 'sedang', 'buruk', 'sedang', 'baik', 'buruk', 'buruk', 'D'),
(541, 'baik', 'sedang', 'buruk', 'sedang', 'buruk', 'baik', 'baik', 'D'),
(542, 'baik', 'sedang', 'buruk', 'sedang', 'buruk', 'baik', 'buruk', 'D'),
(543, 'baik', 'sedang', 'buruk', 'sedang', 'buruk', 'buruk', 'baik', 'D'),
(544, 'baik', 'sedang', 'buruk', 'sedang', 'buruk', 'buruk', 'buruk', 'D'),
(545, 'baik', 'sedang', 'buruk', 'buruk', 'baik', 'baik', 'buruk', 'D'),
(546, 'baik', 'sedang', 'buruk', 'buruk', 'baik', 'buruk', 'baik', 'D'),
(547, 'baik', 'sedang', 'buruk', 'buruk', 'baik', 'buruk', 'buruk', 'D'),
(548, 'baik', 'sedang', 'buruk', 'buruk', 'buruk', 'baik', 'baik', 'D'),
(549, 'baik', 'sedang', 'buruk', 'buruk', 'buruk', 'baik', 'buruk', 'D'),
(550, 'baik', 'sedang', 'buruk', 'buruk', 'buruk', 'buruk', 'baik', 'D'),
(551, 'baik', 'sedang', 'buruk', 'buruk', 'buruk', 'buruk', 'buruk', 'D'),
(552, 'baik', 'buruk', 'sangat baik', 'sangat baik', 'buruk', 'buruk', 'buruk', 'D'),
(553, 'baik', 'buruk', 'sangat baik', 'baik', 'baik', 'buruk', 'buruk', 'D'),
(554, 'baik', 'buruk', 'sangat baik', 'baik', 'buruk', 'baik', 'buruk', 'D'),
(555, 'baik', 'buruk', 'sangat baik', 'baik', 'buruk', 'buruk', 'baik', 'D'),
(556, 'baik', 'buruk', 'sangat baik', 'baik', 'buruk', 'buruk', 'buruk', 'D'),
(557, 'baik', 'buruk', 'sangat baik', 'sedang', 'baik', 'buruk', 'buruk', 'D'),
(558, 'baik', 'buruk', 'sangat baik', 'sedang', 'buruk', 'baik', 'buruk', 'D'),
(559, 'baik', 'buruk', 'sangat baik', 'sedang', 'buruk', 'buruk', 'baik', 'D'),
(560, 'baik', 'buruk', 'sangat baik', 'sedang', 'buruk', 'buruk', 'buruk', 'D'),
(561, 'baik', 'buruk', 'sangat baik', 'buruk', 'baik', 'buruk', 'buruk', 'D'),
(562, 'baik', 'buruk', 'sangat baik', 'buruk', 'buruk', 'baik', 'buruk', 'D'),
(563, 'baik', 'buruk', 'sangat baik', 'buruk', 'buruk', 'buruk', 'baik', 'D'),
(564, 'baik', 'buruk', 'sangat baik', 'buruk', 'buruk', 'buruk', 'buruk', 'D'),
(565, 'baik', 'buruk', 'baik', 'sangat baik', 'baik', 'buruk', 'buruk', 'D'),
(566, 'baik', 'buruk', 'baik', 'sangat baik', 'buruk', 'baik', 'buruk', 'D'),
(567, 'baik', 'buruk', 'baik', 'sangat baik', 'buruk', 'buruk', 'baik', 'D'),
(568, 'baik', 'buruk', 'baik', 'sangat baik', 'buruk', 'buruk', 'buruk', 'D'),
(569, 'baik', 'buruk', 'baik', 'baik', 'baik', 'buruk', 'buruk', 'D'),
(570, 'baik', 'buruk', 'baik', 'baik', 'buruk', 'baik', 'buruk', 'D'),
(571, 'baik', 'buruk', 'baik', 'baik', 'buruk', 'buruk', 'baik', 'D'),
(572, 'baik', 'buruk', 'baik', 'baik', 'buruk', 'buruk', 'buruk', 'D'),
(573, 'baik', 'buruk', 'baik', 'sedang', 'baik', 'buruk', 'buruk', 'D'),
(574, 'baik', 'buruk', 'baik', 'sedang', 'buruk', 'baik', 'buruk', 'D'),
(575, 'baik', 'buruk', 'baik', 'sedang', 'buruk', 'buruk', 'baik', 'D'),
(576, 'baik', 'buruk', 'baik', 'sedang', 'buruk', 'buruk', 'buruk', 'D'),
(577, 'baik', 'buruk', 'baik', 'buruk', 'baik', 'baik', 'buruk', 'D'),
(578, 'baik', 'buruk', 'baik', 'buruk', 'baik', 'buruk', 'baik', 'D'),
(579, 'baik', 'buruk', 'baik', 'buruk', 'baik', 'buruk', 'buruk', 'D'),
(580, 'baik', 'buruk', 'baik', 'buruk', 'buruk', 'baik', 'baik', 'D'),
(581, 'baik', 'buruk', 'baik', 'buruk', 'buruk', 'baik', 'buruk', 'D'),
(582, 'baik', 'buruk', 'baik', 'buruk', 'buruk', 'buruk', 'baik', 'D'),
(583, 'baik', 'buruk', 'baik', 'buruk', 'buruk', 'buruk', 'buruk', 'D'),
(584, 'baik', 'buruk', 'sedang', 'sangat baik', 'baik', 'buruk', 'buruk', 'D'),
(585, 'baik', 'buruk', 'sedang', 'sangat baik', 'buruk', 'baik', 'buruk', 'D'),
(586, 'baik', 'buruk', 'sedang', 'sangat baik', 'buruk', 'buruk', 'baik', 'D'),
(587, 'baik', 'buruk', 'sedang', 'sangat baik', 'buruk', 'buruk', 'buruk', 'D'),
(588, 'baik', 'buruk', 'sedang', 'baik', 'baik', 'buruk', 'buruk', 'D'),
(589, 'baik', 'buruk', 'sedang', 'baik', 'buruk', 'baik', 'buruk', 'D'),
(590, 'baik', 'buruk', 'sedang', 'baik', 'buruk', 'buruk', 'baik', 'D'),
(591, 'baik', 'buruk', 'sedang', 'baik', 'buruk', 'buruk', 'buruk', 'D'),
(592, 'baik', 'buruk', 'sedang', 'sedang', 'baik', 'baik', 'buruk', 'D'),
(593, 'baik', 'buruk', 'sedang', 'sedang', 'baik', 'buruk', 'baik', 'D'),
(594, 'baik', 'buruk', 'sedang', 'sedang', 'baik', 'buruk', 'buruk', 'D'),
(595, 'baik', 'buruk', 'sedang', 'sedang', 'buruk', 'baik', 'baik', 'D'),
(596, 'baik', 'buruk', 'sedang', 'sedang', 'buruk', 'baik', 'buruk', 'D'),
(597, 'baik', 'buruk', 'sedang', 'sedang', 'buruk', 'buruk', 'baik', 'D'),
(598, 'baik', 'buruk', 'sedang', 'sedang', 'buruk', 'buruk', 'buruk', 'D'),
(599, 'baik', 'buruk', 'sedang', 'buruk', 'baik', 'baik', 'buruk', 'D'),
(600, 'baik', 'buruk', 'sedang', 'buruk', 'baik', 'buruk', 'baik', 'D'),
(601, 'baik', 'buruk', 'sedang', 'buruk', 'baik', 'buruk', 'buruk', 'D'),
(602, 'baik', 'buruk', 'sedang', 'buruk', 'buruk', 'baik', 'baik', 'D'),
(603, 'baik', 'buruk', 'sedang', 'buruk', 'buruk', 'baik', 'buruk', 'D'),
(604, 'baik', 'buruk', 'sedang', 'buruk', 'buruk', 'buruk', 'baik', 'D'),
(605, 'baik', 'buruk', 'sedang', 'buruk', 'buruk', 'buruk', 'buruk', 'D'),
(606, 'baik', 'buruk', 'buruk', 'sangat baik', 'baik', 'buruk', 'buruk', 'D'),
(607, 'baik', 'buruk', 'buruk', 'sangat baik', 'buruk', 'baik', 'buruk', 'D'),
(608, 'baik', 'buruk', 'buruk', 'sangat baik', 'buruk', 'buruk', 'baik', 'D'),
(609, 'baik', 'buruk', 'buruk', 'sangat baik', 'buruk', 'buruk', 'buruk', 'D'),
(610, 'baik', 'buruk', 'buruk', 'baik', 'baik', 'buruk', 'baik', 'D'),
(611, 'baik', 'buruk', 'buruk', 'baik', 'baik', 'buruk', 'buruk', 'D'),
(612, 'baik', 'buruk', 'buruk', 'baik', 'buruk', 'baik', 'baik', 'D'),
(613, 'baik', 'buruk', 'buruk', 'baik', 'buruk', 'baik', 'buruk', 'D'),
(614, 'baik', 'buruk', 'buruk', 'baik', 'buruk', 'buruk', 'baik', 'D'),
(615, 'baik', 'buruk', 'buruk', 'baik', 'buruk', 'buruk', 'buruk', 'D'),
(616, 'baik', 'buruk', 'buruk', 'sedang', 'baik', 'baik', 'buruk', 'D'),
(617, 'baik', 'buruk', 'buruk', 'sedang', 'baik', 'buruk', 'baik', 'D'),
(618, 'baik', 'buruk', 'buruk', 'sedang', 'baik', 'buruk', 'buruk', 'D'),
(619, 'baik', 'buruk', 'buruk', 'sedang', 'buruk', 'baik', 'baik', 'D'),
(620, 'baik', 'buruk', 'buruk', 'sedang', 'buruk', 'baik', 'buruk', 'D'),
(621, 'baik', 'buruk', 'buruk', 'sedang', 'buruk', 'buruk', 'baik', 'D'),
(622, 'baik', 'buruk', 'buruk', 'sedang', 'buruk', 'buruk', 'buruk', 'D'),
(623, 'baik', 'buruk', 'buruk', 'buruk', 'baik', 'baik', 'buruk', 'D'),
(624, 'baik', 'buruk', 'buruk', 'buruk', 'baik', 'buruk', 'baik', 'D'),
(625, 'baik', 'buruk', 'buruk', 'buruk', 'baik', 'buruk', 'buruk', 'D'),
(626, 'baik', 'buruk', 'buruk', 'buruk', 'buruk', 'baik', 'baik', 'D'),
(627, 'baik', 'buruk', 'buruk', 'buruk', 'buruk', 'baik', 'buruk', 'D'),
(628, 'baik', 'buruk', 'buruk', 'buruk', 'buruk', 'buruk', 'baik', 'D'),
(629, 'baik', 'buruk', 'buruk', 'buruk', 'buruk', 'buruk', 'buruk', 'D'),
(630, 'buruk', 'sangat baik', 'sangat baik', 'sangat baik', 'buruk', 'buruk', 'buruk', 'D'),
(631, 'buruk', 'sangat baik', 'sangat baik', 'baik', 'buruk', 'baik', 'buruk', 'D'),
(632, 'buruk', 'sangat baik', 'sangat baik', 'baik', 'buruk', 'buruk', 'baik', 'D'),
(633, 'buruk', 'sangat baik', 'sangat baik', 'baik', 'buruk', 'buruk', 'buruk', 'D'),
(634, 'buruk', 'sangat baik', 'sangat baik', 'sedang', 'baik', 'buruk', 'buruk', 'D'),
(635, 'buruk', 'sangat baik', 'sangat baik', 'sedang', 'buruk', 'baik', 'buruk', 'D'),
(636, 'buruk', 'sangat baik', 'sangat baik', 'sedang', 'buruk', 'buruk', 'baik', 'D'),
(637, 'buruk', 'sangat baik', 'sangat baik', 'sedang', 'buruk', 'buruk', 'buruk', 'D'),
(638, 'buruk', 'sangat baik', 'sangat baik', 'buruk', 'baik', 'buruk', 'buruk', 'D'),
(639, 'buruk', 'sangat baik', 'sangat baik', 'buruk', 'buruk', 'baik', 'buruk', 'D'),
(640, 'buruk', 'sangat baik', 'sangat baik', 'buruk', 'buruk', 'buruk', 'baik', 'D'),
(641, 'buruk', 'sangat baik', 'sangat baik', 'buruk', 'buruk', 'buruk', 'buruk', 'D'),
(642, 'buruk', 'sangat baik', 'baik', 'sangat baik', 'baik', 'buruk', 'buruk', 'D'),
(643, 'buruk', 'sangat baik', 'baik', 'sangat baik', 'buruk', 'baik', 'buruk', 'D'),
(644, 'buruk', 'sangat baik', 'baik', 'sangat baik', 'buruk', 'buruk', 'baik', 'D'),
(645, 'buruk', 'sangat baik', 'baik', 'sangat baik', 'buruk', 'buruk', 'buruk', 'D'),
(646, 'buruk', 'sangat baik', 'baik', 'baik', 'baik', 'buruk', 'buruk', 'D'),
(647, 'buruk', 'sangat baik', 'baik', 'baik', 'buruk', 'baik', 'buruk', 'D'),
(648, 'buruk', 'sangat baik', 'baik', 'baik', 'buruk', 'buruk', 'baik', 'D'),
(649, 'buruk', 'sangat baik', 'baik', 'baik', 'buruk', 'buruk', 'buruk', 'D'),
(650, 'buruk', 'sangat baik', 'baik', 'sedang', 'baik', 'buruk', 'buruk', 'D'),
(651, 'buruk', 'sangat baik', 'baik', 'sedang', 'buruk', 'baik', 'buruk', 'D'),
(652, 'buruk', 'sangat baik', 'baik', 'sedang', 'buruk', 'buruk', 'baik', 'D'),
(653, 'buruk', 'sangat baik', 'baik', 'sedang', 'buruk', 'buruk', 'buruk', 'D'),
(654, 'buruk', 'sangat baik', 'baik', 'buruk', 'baik', 'baik', 'buruk', 'D'),
(655, 'buruk', 'sangat baik', 'baik', 'buruk', 'baik', 'buruk', 'baik', 'D'),
(656, 'buruk', 'sangat baik', 'baik', 'buruk', 'baik', 'buruk', 'buruk', 'D'),
(657, 'buruk', 'sangat baik', 'baik', 'buruk', 'buruk', 'baik', 'baik', 'D'),
(658, 'buruk', 'sangat baik', 'baik', 'buruk', 'buruk', 'baik', 'buruk', 'D'),
(659, 'buruk', 'sangat baik', 'baik', 'buruk', 'buruk', 'buruk', 'baik', 'D'),
(660, 'buruk', 'sangat baik', 'baik', 'buruk', 'buruk', 'buruk', 'buruk', 'D');
INSERT INTO `rule` (`id_rule`, `tss`, `bod`, `cod`, `do`, `ph`, `fenol`, `minyak`, `kelas`) VALUES
(661, 'buruk', 'sangat baik', 'sedang', 'sangat baik', 'baik', 'buruk', 'buruk', 'D'),
(662, 'buruk', 'sangat baik', 'sedang', 'sangat baik', 'buruk', 'baik', 'buruk', 'D'),
(663, 'buruk', 'sangat baik', 'sedang', 'sangat baik', 'buruk', 'buruk', 'baik', 'D'),
(664, 'buruk', 'sangat baik', 'sedang', 'sangat baik', 'buruk', 'buruk', 'buruk', 'D'),
(665, 'buruk', 'sangat baik', 'sedang', 'baik', 'baik', 'buruk', 'buruk', 'D'),
(666, 'buruk', 'sangat baik', 'sedang', 'baik', 'buruk', 'baik', 'buruk', 'D'),
(667, 'buruk', 'sangat baik', 'sedang', 'baik', 'buruk', 'buruk', 'baik', 'D'),
(668, 'buruk', 'sangat baik', 'sedang', 'baik', 'buruk', 'buruk', 'buruk', 'D'),
(669, 'buruk', 'sangat baik', 'sedang', 'sedang', 'baik', 'baik', 'buruk', 'D'),
(670, 'buruk', 'sangat baik', 'sedang', 'sedang', 'baik', 'buruk', 'baik', 'D'),
(671, 'buruk', 'sangat baik', 'sedang', 'sedang', 'baik', 'buruk', 'buruk', 'D'),
(672, 'buruk', 'sangat baik', 'sedang', 'sedang', 'buruk', 'baik', 'baik', 'D'),
(673, 'buruk', 'sangat baik', 'sedang', 'sedang', 'buruk', 'baik', 'buruk', 'D'),
(674, 'buruk', 'sangat baik', 'sedang', 'sedang', 'buruk', 'buruk', 'baik', 'D'),
(675, 'buruk', 'sangat baik', 'sedang', 'sedang', 'buruk', 'buruk', 'buruk', 'D'),
(676, 'buruk', 'sangat baik', 'sedang', 'buruk', 'baik', 'baik', 'buruk', 'D'),
(677, 'buruk', 'sangat baik', 'sedang', 'buruk', 'baik', 'buruk', 'baik', 'D'),
(678, 'buruk', 'sangat baik', 'sedang', 'buruk', 'baik', 'buruk', 'buruk', 'D'),
(679, 'buruk', 'sangat baik', 'sedang', 'buruk', 'buruk', 'baik', 'baik', 'D'),
(680, 'buruk', 'sangat baik', 'sedang', 'buruk', 'buruk', 'baik', 'buruk', 'D'),
(681, 'buruk', 'sangat baik', 'sedang', 'buruk', 'buruk', 'buruk', 'baik', 'D'),
(682, 'buruk', 'sangat baik', 'sedang', 'buruk', 'buruk', 'buruk', 'buruk', 'D'),
(683, 'buruk', 'sangat baik', 'buruk', 'sangat baik', 'baik', 'buruk', 'buruk', 'D'),
(684, 'buruk', 'sangat baik', 'buruk', 'sangat baik', 'buruk', 'baik', 'buruk', 'D'),
(685, 'buruk', 'sangat baik', 'buruk', 'sangat baik', 'buruk', 'buruk', 'baik', 'D'),
(686, 'buruk', 'sangat baik', 'buruk', 'sangat baik', 'buruk', 'buruk', 'buruk', 'D'),
(687, 'buruk', 'sangat baik', 'buruk', 'baik', 'baik', 'baik', 'buruk', 'D'),
(688, 'buruk', 'sangat baik', 'buruk', 'baik', 'baik', 'buruk', 'baik', 'D'),
(689, 'buruk', 'sangat baik', 'buruk', 'baik', 'baik', 'buruk', 'buruk', 'D'),
(690, 'buruk', 'sangat baik', 'buruk', 'baik', 'buruk', 'baik', 'baik', 'D'),
(691, 'buruk', 'sangat baik', 'buruk', 'baik', 'buruk', 'baik', 'buruk', 'D'),
(692, 'buruk', 'sangat baik', 'buruk', 'baik', 'buruk', 'buruk', 'baik', 'D'),
(693, 'buruk', 'sangat baik', 'buruk', 'baik', 'buruk', 'buruk', 'buruk', 'D'),
(694, 'buruk', 'sangat baik', 'buruk', 'sedang', 'baik', 'baik', 'buruk', 'D'),
(695, 'buruk', 'sangat baik', 'buruk', 'sedang', 'baik', 'buruk', 'baik', 'D'),
(696, 'buruk', 'sangat baik', 'buruk', 'sedang', 'baik', 'buruk', 'buruk', 'D'),
(697, 'buruk', 'sangat baik', 'buruk', 'sedang', 'buruk', 'baik', 'baik', 'D'),
(698, 'buruk', 'sangat baik', 'buruk', 'sedang', 'buruk', 'baik', 'buruk', 'D'),
(699, 'buruk', 'sangat baik', 'buruk', 'sedang', 'buruk', 'buruk', 'baik', 'D'),
(700, 'buruk', 'sangat baik', 'buruk', 'sedang', 'buruk', 'buruk', 'buruk', 'D'),
(701, 'buruk', 'sangat baik', 'buruk', 'buruk', 'baik', 'baik', 'buruk', 'D'),
(702, 'buruk', 'sangat baik', 'buruk', 'buruk', 'baik', 'buruk', 'baik', 'D'),
(703, 'buruk', 'sangat baik', 'buruk', 'buruk', 'baik', 'buruk', 'buruk', 'D'),
(704, 'buruk', 'sangat baik', 'buruk', 'buruk', 'buruk', 'baik', 'baik', 'D'),
(705, 'buruk', 'sangat baik', 'buruk', 'buruk', 'buruk', 'baik', 'buruk', 'D'),
(706, 'buruk', 'sangat baik', 'buruk', 'buruk', 'buruk', 'buruk', 'baik', 'D'),
(707, 'buruk', 'sangat baik', 'buruk', 'buruk', 'buruk', 'buruk', 'buruk', 'D'),
(708, 'buruk', 'baik', 'sangat baik', 'sangat baik', 'baik', 'buruk', 'buruk', 'D'),
(709, 'buruk', 'baik', 'sangat baik', 'sangat baik', 'buruk', 'baik', 'buruk', 'D'),
(710, 'buruk', 'baik', 'sangat baik', 'sangat baik', 'buruk', 'buruk', 'baik', 'D'),
(711, 'buruk', 'baik', 'sangat baik', 'sangat baik', 'buruk', 'buruk', 'buruk', 'D'),
(712, 'buruk', 'baik', 'sangat baik', 'baik', 'baik', 'buruk', 'buruk', 'D'),
(713, 'buruk', 'baik', 'sangat baik', 'baik', 'buruk', 'baik', 'buruk', 'D'),
(714, 'buruk', 'baik', 'sangat baik', 'baik', 'buruk', 'buruk', 'baik', 'D'),
(715, 'buruk', 'baik', 'sangat baik', 'baik', 'buruk', 'buruk', 'buruk', 'D'),
(716, 'buruk', 'baik', 'sangat baik', 'sedang', 'baik', 'buruk', 'buruk', 'D'),
(717, 'buruk', 'baik', 'sangat baik', 'sedang', 'buruk', 'baik', 'buruk', 'D'),
(718, 'buruk', 'baik', 'sangat baik', 'sedang', 'buruk', 'buruk', 'baik', 'D'),
(719, 'buruk', 'baik', 'sangat baik', 'sedang', 'buruk', 'buruk', 'buruk', 'D'),
(720, 'buruk', 'baik', 'sangat baik', 'buruk', 'baik', 'baik', 'buruk', 'D'),
(721, 'buruk', 'baik', 'sangat baik', 'buruk', 'baik', 'buruk', 'baik', 'D'),
(722, 'buruk', 'baik', 'sangat baik', 'buruk', 'baik', 'buruk', 'buruk', 'D'),
(723, 'buruk', 'baik', 'sangat baik', 'buruk', 'buruk', 'baik', 'baik', 'D'),
(724, 'buruk', 'baik', 'sangat baik', 'buruk', 'buruk', 'baik', 'buruk', 'D'),
(725, 'buruk', 'baik', 'sangat baik', 'buruk', 'buruk', 'buruk', 'baik', 'D'),
(726, 'buruk', 'baik', 'sangat baik', 'buruk', 'buruk', 'buruk', 'buruk', 'D'),
(727, 'buruk', 'baik', 'baik', 'sangat baik', 'baik', 'buruk', 'buruk', 'D'),
(728, 'buruk', 'baik', 'baik', 'sangat baik', 'buruk', 'baik', 'buruk', 'D'),
(729, 'buruk', 'baik', 'baik', 'sangat baik', 'buruk', 'buruk', 'baik', 'D'),
(730, 'buruk', 'baik', 'baik', 'sangat baik', 'buruk', 'buruk', 'buruk', 'D'),
(731, 'buruk', 'baik', 'baik', 'baik', 'baik', 'buruk', 'buruk', 'D'),
(732, 'buruk', 'baik', 'baik', 'baik', 'buruk', 'baik', 'buruk', 'D'),
(733, 'buruk', 'baik', 'baik', 'baik', 'buruk', 'buruk', 'baik', 'D'),
(734, 'buruk', 'baik', 'baik', 'baik', 'buruk', 'buruk', 'buruk', 'D'),
(735, 'buruk', 'baik', 'baik', 'sedang', 'baik', 'buruk', 'buruk', 'D'),
(736, 'buruk', 'baik', 'baik', 'sedang', 'buruk', 'baik', 'buruk', 'D'),
(737, 'buruk', 'baik', 'baik', 'sedang', 'buruk', 'buruk', 'baik', 'D'),
(738, 'buruk', 'baik', 'baik', 'sedang', 'buruk', 'buruk', 'buruk', 'D'),
(739, 'buruk', 'baik', 'baik', 'buruk', 'baik', 'baik', 'buruk', 'D'),
(740, 'buruk', 'baik', 'baik', 'buruk', 'baik', 'buruk', 'baik', 'D'),
(741, 'buruk', 'baik', 'baik', 'buruk', 'baik', 'buruk', 'buruk', 'D'),
(742, 'buruk', 'baik', 'baik', 'buruk', 'buruk', 'baik', 'baik', 'D'),
(743, 'buruk', 'baik', 'baik', 'buruk', 'buruk', 'baik', 'buruk', 'D'),
(744, 'buruk', 'baik', 'baik', 'buruk', 'buruk', 'buruk', 'baik', 'D'),
(745, 'buruk', 'baik', 'baik', 'buruk', 'buruk', 'buruk', 'buruk', 'D'),
(746, 'buruk', 'baik', 'sedang', 'sangat baik', 'baik', 'buruk', 'buruk', 'D'),
(747, 'buruk', 'baik', 'sedang', 'sangat baik', 'buruk', 'baik', 'buruk', 'D'),
(748, 'buruk', 'baik', 'sedang', 'sangat baik', 'buruk', 'buruk', 'baik', 'D'),
(749, 'buruk', 'baik', 'sedang', 'sangat baik', 'buruk', 'buruk', 'buruk', 'D'),
(750, 'buruk', 'baik', 'sedang', 'baik', 'baik', 'baik', 'buruk', 'D'),
(751, 'buruk', 'baik', 'sedang', 'baik', 'baik', 'buruk', 'baik', 'D'),
(752, 'buruk', 'baik', 'sedang', 'baik', 'baik', 'buruk', 'buruk', 'D'),
(753, 'buruk', 'baik', 'sedang', 'baik', 'buruk', 'baik', 'baik', 'D'),
(754, 'buruk', 'baik', 'sedang', 'baik', 'buruk', 'baik', 'buruk', 'D'),
(755, 'buruk', 'baik', 'sedang', 'baik', 'buruk', 'buruk', 'baik', 'D'),
(756, 'buruk', 'baik', 'sedang', 'baik', 'buruk', 'buruk', 'buruk', 'D'),
(757, 'buruk', 'baik', 'sedang', 'sedang', 'baik', 'baik', 'buruk', 'D'),
(758, 'buruk', 'baik', 'sedang', 'sedang', 'baik', 'buruk', 'baik', 'D'),
(759, 'buruk', 'baik', 'sedang', 'sedang', 'baik', 'buruk', 'buruk', 'D'),
(760, 'buruk', 'baik', 'sedang', 'sedang', 'buruk', 'baik', 'baik', 'D'),
(761, 'buruk', 'baik', 'sedang', 'sedang', 'buruk', 'baik', 'buruk', 'D'),
(762, 'buruk', 'baik', 'sedang', 'sedang', 'buruk', 'buruk', 'baik', 'D'),
(763, 'buruk', 'baik', 'sedang', 'sedang', 'buruk', 'buruk', 'buruk', 'D'),
(764, 'buruk', 'baik', 'sedang', 'buruk', 'baik', 'baik', 'buruk', 'D'),
(765, 'buruk', 'baik', 'sedang', 'buruk', 'baik', 'buruk', 'baik', 'D'),
(766, 'buruk', 'baik', 'sedang', 'buruk', 'baik', 'buruk', 'buruk', 'D'),
(767, 'buruk', 'baik', 'sedang', 'buruk', 'buruk', 'baik', 'baik', 'D'),
(768, 'buruk', 'baik', 'sedang', 'buruk', 'buruk', 'baik', 'buruk', 'D'),
(769, 'buruk', 'baik', 'sedang', 'buruk', 'buruk', 'buruk', 'baik', 'D'),
(770, 'buruk', 'baik', 'sedang', 'buruk', 'buruk', 'buruk', 'buruk', 'D'),
(771, 'buruk', 'baik', 'buruk', 'sangat baik', 'baik', 'baik', 'buruk', 'D'),
(772, 'buruk', 'baik', 'buruk', 'sangat baik', 'baik', 'buruk', 'baik', 'D'),
(773, 'buruk', 'baik', 'buruk', 'sangat baik', 'baik', 'buruk', 'buruk', 'D'),
(774, 'buruk', 'baik', 'buruk', 'sangat baik', 'buruk', 'baik', 'baik', 'D'),
(775, 'buruk', 'baik', 'buruk', 'sangat baik', 'buruk', 'baik', 'buruk', 'D'),
(776, 'buruk', 'baik', 'buruk', 'sangat baik', 'buruk', 'buruk', 'baik', 'D'),
(777, 'buruk', 'baik', 'buruk', 'sangat baik', 'buruk', 'buruk', 'buruk', 'D'),
(778, 'buruk', 'baik', 'buruk', 'baik', 'baik', 'baik', 'buruk', 'D'),
(779, 'buruk', 'baik', 'buruk', 'baik', 'baik', 'buruk', 'baik', 'D'),
(780, 'buruk', 'baik', 'buruk', 'baik', 'baik', 'buruk', 'buruk', 'D'),
(781, 'buruk', 'baik', 'buruk', 'baik', 'buruk', 'baik', 'baik', 'D'),
(782, 'buruk', 'baik', 'buruk', 'baik', 'buruk', 'baik', 'buruk', 'D'),
(783, 'buruk', 'baik', 'buruk', 'baik', 'buruk', 'buruk', 'baik', 'D'),
(784, 'buruk', 'baik', 'buruk', 'baik', 'buruk', 'buruk', 'buruk', 'D'),
(785, 'buruk', 'baik', 'buruk', 'sedang', 'baik', 'baik', 'buruk', 'D'),
(786, 'buruk', 'baik', 'buruk', 'sedang', 'baik', 'buruk', 'baik', 'D'),
(787, 'buruk', 'baik', 'buruk', 'sedang', 'baik', 'buruk', 'buruk', 'D'),
(788, 'buruk', 'baik', 'buruk', 'sedang', 'buruk', 'baik', 'baik', 'D'),
(789, 'buruk', 'baik', 'buruk', 'sedang', 'buruk', 'baik', 'buruk', 'D'),
(790, 'buruk', 'baik', 'buruk', 'sedang', 'buruk', 'buruk', 'baik', 'D'),
(791, 'buruk', 'baik', 'buruk', 'sedang', 'buruk', 'buruk', 'buruk', 'D'),
(792, 'buruk', 'baik', 'buruk', 'buruk', 'baik', 'baik', 'buruk', 'D'),
(793, 'buruk', 'baik', 'buruk', 'buruk', 'baik', 'buruk', 'baik', 'D'),
(794, 'buruk', 'baik', 'buruk', 'buruk', 'baik', 'buruk', 'buruk', 'D'),
(795, 'buruk', 'baik', 'buruk', 'buruk', 'buruk', 'baik', 'baik', 'D'),
(796, 'buruk', 'baik', 'buruk', 'buruk', 'buruk', 'baik', 'buruk', 'D'),
(797, 'buruk', 'baik', 'buruk', 'buruk', 'buruk', 'buruk', 'baik', 'D'),
(798, 'buruk', 'baik', 'buruk', 'buruk', 'buruk', 'buruk', 'buruk', 'D'),
(799, 'buruk', 'sedang', 'sangat baik', 'sangat baik', 'baik', 'buruk', 'buruk', 'D'),
(800, 'buruk', 'sedang', 'sangat baik', 'sangat baik', 'buruk', 'baik', 'buruk', 'D'),
(801, 'buruk', 'sedang', 'sangat baik', 'sangat baik', 'buruk', 'buruk', 'baik', 'D'),
(802, 'buruk', 'sedang', 'sangat baik', 'sangat baik', 'buruk', 'buruk', 'buruk', 'D'),
(803, 'buruk', 'sedang', 'sangat baik', 'baik', 'baik', 'baik', 'buruk', 'D'),
(804, 'buruk', 'sedang', 'sangat baik', 'baik', 'baik', 'buruk', 'baik', 'D'),
(805, 'buruk', 'sedang', 'sangat baik', 'baik', 'baik', 'buruk', 'buruk', 'D'),
(806, 'buruk', 'sedang', 'sangat baik', 'baik', 'buruk', 'baik', 'baik', 'D'),
(807, 'buruk', 'sedang', 'sangat baik', 'baik', 'buruk', 'baik', 'buruk', 'D'),
(808, 'buruk', 'sedang', 'sangat baik', 'baik', 'buruk', 'buruk', 'baik', 'D'),
(809, 'buruk', 'sedang', 'sangat baik', 'baik', 'buruk', 'buruk', 'buruk', 'D'),
(810, 'buruk', 'sedang', 'sangat baik', 'sedang', 'baik', 'baik', 'buruk', 'D'),
(811, 'buruk', 'sedang', 'sangat baik', 'sedang', 'baik', 'buruk', 'baik', 'D'),
(812, 'buruk', 'sedang', 'sangat baik', 'sedang', 'baik', 'buruk', 'buruk', 'D'),
(813, 'buruk', 'sedang', 'sangat baik', 'sedang', 'buruk', 'baik', 'baik', 'D'),
(814, 'buruk', 'sedang', 'sangat baik', 'sedang', 'buruk', 'baik', 'buruk', 'D'),
(815, 'buruk', 'sedang', 'sangat baik', 'sedang', 'buruk', 'buruk', 'baik', 'D'),
(816, 'buruk', 'sedang', 'sangat baik', 'sedang', 'buruk', 'buruk', 'buruk', 'D'),
(817, 'buruk', 'sedang', 'sangat baik', 'buruk', 'baik', 'baik', 'buruk', 'D'),
(818, 'buruk', 'sedang', 'sangat baik', 'buruk', 'baik', 'buruk', 'baik', 'D'),
(819, 'buruk', 'sedang', 'sangat baik', 'buruk', 'baik', 'buruk', 'buruk', 'D'),
(820, 'buruk', 'sedang', 'sangat baik', 'buruk', 'buruk', 'baik', 'baik', 'D'),
(821, 'buruk', 'sedang', 'sangat baik', 'buruk', 'buruk', 'baik', 'buruk', 'D'),
(822, 'buruk', 'sedang', 'sangat baik', 'buruk', 'buruk', 'buruk', 'baik', 'D'),
(823, 'buruk', 'sedang', 'sangat baik', 'buruk', 'buruk', 'buruk', 'buruk', 'D'),
(824, 'buruk', 'sedang', 'baik', 'sangat baik', 'baik', 'baik', 'buruk', 'D'),
(825, 'buruk', 'sedang', 'baik', 'sangat baik', 'baik', 'buruk', 'baik', 'D'),
(826, 'buruk', 'sedang', 'baik', 'sangat baik', 'baik', 'buruk', 'buruk', 'D'),
(827, 'buruk', 'sedang', 'baik', 'sangat baik', 'buruk', 'baik', 'baik', 'D'),
(828, 'buruk', 'sedang', 'baik', 'sangat baik', 'buruk', 'baik', 'buruk', 'D'),
(829, 'buruk', 'sedang', 'baik', 'sangat baik', 'buruk', 'buruk', 'baik', 'D'),
(830, 'buruk', 'sedang', 'baik', 'sangat baik', 'buruk', 'buruk', 'buruk', 'D'),
(831, 'buruk', 'sedang', 'baik', 'baik', 'baik', 'baik', 'buruk', 'D'),
(832, 'buruk', 'sedang', 'baik', 'baik', 'baik', 'buruk', 'baik', 'D'),
(833, 'buruk', 'sedang', 'baik', 'baik', 'baik', 'buruk', 'buruk', 'D'),
(834, 'buruk', 'sedang', 'baik', 'baik', 'buruk', 'baik', 'baik', 'D'),
(835, 'buruk', 'sedang', 'baik', 'baik', 'buruk', 'baik', 'buruk', 'D'),
(836, 'buruk', 'sedang', 'baik', 'baik', 'buruk', 'buruk', 'baik', 'D'),
(837, 'buruk', 'sedang', 'baik', 'baik', 'buruk', 'buruk', 'buruk', 'D'),
(838, 'buruk', 'sedang', 'baik', 'sedang', 'baik', 'baik', 'buruk', 'D'),
(839, 'buruk', 'sedang', 'baik', 'sedang', 'baik', 'buruk', 'baik', 'D'),
(840, 'buruk', 'sedang', 'baik', 'sedang', 'baik', 'buruk', 'buruk', 'D'),
(841, 'buruk', 'sedang', 'baik', 'sedang', 'buruk', 'baik', 'baik', 'D'),
(842, 'buruk', 'sedang', 'baik', 'sedang', 'buruk', 'baik', 'buruk', 'D'),
(843, 'buruk', 'sedang', 'baik', 'sedang', 'buruk', 'buruk', 'baik', 'D'),
(844, 'buruk', 'sedang', 'baik', 'sedang', 'buruk', 'buruk', 'buruk', 'D'),
(845, 'buruk', 'sedang', 'baik', 'buruk', 'baik', 'baik', 'buruk', 'D'),
(846, 'buruk', 'sedang', 'baik', 'buruk', 'baik', 'buruk', 'baik', 'D'),
(847, 'buruk', 'sedang', 'baik', 'buruk', 'baik', 'buruk', 'buruk', 'D'),
(848, 'buruk', 'sedang', 'baik', 'buruk', 'buruk', 'baik', 'baik', 'D'),
(849, 'buruk', 'sedang', 'baik', 'buruk', 'buruk', 'baik', 'buruk', 'D'),
(850, 'buruk', 'sedang', 'baik', 'buruk', 'buruk', 'buruk', 'baik', 'D'),
(851, 'buruk', 'sedang', 'baik', 'buruk', 'buruk', 'buruk', 'buruk', 'D'),
(852, 'buruk', 'sedang', 'sedang', 'sangat baik', 'baik', 'baik', 'buruk', 'D'),
(853, 'buruk', 'sedang', 'sedang', 'sangat baik', 'baik', 'buruk', 'baik', 'D'),
(854, 'buruk', 'sedang', 'sedang', 'sangat baik', 'baik', 'buruk', 'buruk', 'D'),
(855, 'buruk', 'sedang', 'sedang', 'sangat baik', 'buruk', 'baik', 'baik', 'D'),
(856, 'buruk', 'sedang', 'sedang', 'sangat baik', 'buruk', 'baik', 'buruk', 'D'),
(857, 'buruk', 'sedang', 'sedang', 'sangat baik', 'buruk', 'buruk', 'baik', 'D'),
(858, 'buruk', 'sedang', 'sedang', 'sangat baik', 'buruk', 'buruk', 'buruk', 'D'),
(859, 'buruk', 'sedang', 'sedang', 'baik', 'baik', 'baik', 'buruk', 'D'),
(860, 'buruk', 'sedang', 'sedang', 'baik', 'baik', 'buruk', 'baik', 'D'),
(861, 'buruk', 'sedang', 'sedang', 'baik', 'baik', 'buruk', 'buruk', 'D'),
(862, 'buruk', 'sedang', 'sedang', 'baik', 'buruk', 'baik', 'baik', 'D'),
(863, 'buruk', 'sedang', 'sedang', 'baik', 'buruk', 'baik', 'buruk', 'D'),
(864, 'buruk', 'sedang', 'sedang', 'baik', 'buruk', 'buruk', 'baik', 'D'),
(865, 'buruk', 'sedang', 'sedang', 'baik', 'buruk', 'buruk', 'buruk', 'D'),
(866, 'buruk', 'sedang', 'sedang', 'sedang', 'baik', 'baik', 'baik', 'D'),
(867, 'buruk', 'sedang', 'sedang', 'sedang', 'baik', 'baik', 'buruk', 'D'),
(868, 'buruk', 'sedang', 'sedang', 'sedang', 'baik', 'buruk', 'baik', 'D'),
(869, 'buruk', 'sedang', 'sedang', 'sedang', 'baik', 'buruk', 'buruk', 'D'),
(870, 'buruk', 'sedang', 'sedang', 'sedang', 'buruk', 'baik', 'baik', 'D'),
(871, 'buruk', 'sedang', 'sedang', 'sedang', 'buruk', 'baik', 'buruk', 'D'),
(872, 'buruk', 'sedang', 'sedang', 'sedang', 'buruk', 'buruk', 'baik', 'D'),
(873, 'buruk', 'sedang', 'sedang', 'sedang', 'buruk', 'buruk', 'buruk', 'D'),
(874, 'buruk', 'sedang', 'sedang', 'buruk', 'baik', 'baik', 'baik', 'D'),
(875, 'buruk', 'sedang', 'sedang', 'buruk', 'baik', 'baik', 'buruk', 'D'),
(876, 'buruk', 'sedang', 'sedang', 'buruk', 'baik', 'buruk', 'baik', 'D'),
(877, 'buruk', 'sedang', 'sedang', 'buruk', 'baik', 'buruk', 'buruk', 'D'),
(878, 'buruk', 'sedang', 'sedang', 'buruk', 'buruk', 'baik', 'baik', 'D'),
(879, 'buruk', 'sedang', 'sedang', 'buruk', 'buruk', 'baik', 'buruk', 'D'),
(880, 'buruk', 'sedang', 'sedang', 'buruk', 'buruk', 'buruk', 'baik', 'D'),
(881, 'buruk', 'sedang', 'sedang', 'buruk', 'buruk', 'buruk', 'buruk', 'D'),
(882, 'buruk', 'sedang', 'buruk', 'sangat baik', 'baik', 'baik', 'buruk', 'D'),
(883, 'buruk', 'sedang', 'buruk', 'sangat baik', 'baik', 'buruk', 'baik', 'D'),
(884, 'buruk', 'sedang', 'buruk', 'sangat baik', 'baik', 'buruk', 'buruk', 'D'),
(885, 'buruk', 'sedang', 'buruk', 'sangat baik', 'buruk', 'baik', 'baik', 'D'),
(886, 'buruk', 'sedang', 'buruk', 'sangat baik', 'buruk', 'baik', 'buruk', 'D'),
(887, 'buruk', 'sedang', 'buruk', 'sangat baik', 'buruk', 'buruk', 'baik', 'D'),
(888, 'buruk', 'sedang', 'buruk', 'sangat baik', 'buruk', 'buruk', 'buruk', 'D'),
(889, 'buruk', 'sedang', 'buruk', 'baik', 'baik', 'baik', 'buruk', 'D'),
(890, 'buruk', 'sedang', 'buruk', 'baik', 'baik', 'buruk', 'baik', 'D'),
(891, 'buruk', 'sedang', 'buruk', 'baik', 'baik', 'buruk', 'buruk', 'D'),
(892, 'buruk', 'sedang', 'buruk', 'baik', 'buruk', 'baik', 'baik', 'D'),
(893, 'buruk', 'sedang', 'buruk', 'baik', 'buruk', 'baik', 'buruk', 'D'),
(894, 'buruk', 'sedang', 'buruk', 'baik', 'buruk', 'buruk', 'baik', 'D'),
(895, 'buruk', 'sedang', 'buruk', 'baik', 'buruk', 'buruk', 'buruk', 'D'),
(896, 'buruk', 'sedang', 'buruk', 'sedang', 'baik', 'baik', 'baik', 'D'),
(897, 'buruk', 'sedang', 'buruk', 'sedang', 'baik', 'baik', 'buruk', 'D'),
(898, 'buruk', 'sedang', 'buruk', 'sedang', 'baik', 'buruk', 'baik', 'D'),
(899, 'buruk', 'sedang', 'buruk', 'sedang', 'baik', 'buruk', 'buruk', 'D'),
(900, 'buruk', 'sedang', 'buruk', 'sedang', 'buruk', 'baik', 'baik', 'D'),
(901, 'buruk', 'sedang', 'buruk', 'sedang', 'buruk', 'baik', 'buruk', 'D'),
(902, 'buruk', 'sedang', 'buruk', 'sedang', 'buruk', 'buruk', 'baik', 'D'),
(903, 'buruk', 'sedang', 'buruk', 'sedang', 'buruk', 'buruk', 'buruk', 'D'),
(904, 'buruk', 'sedang', 'buruk', 'buruk', 'baik', 'baik', 'baik', 'D'),
(905, 'buruk', 'sedang', 'buruk', 'buruk', 'baik', 'baik', 'buruk', 'D'),
(906, 'buruk', 'sedang', 'buruk', 'buruk', 'baik', 'buruk', 'baik', 'D'),
(907, 'buruk', 'sedang', 'buruk', 'buruk', 'baik', 'buruk', 'buruk', 'D'),
(908, 'buruk', 'sedang', 'buruk', 'buruk', 'buruk', 'baik', 'baik', 'D'),
(909, 'buruk', 'sedang', 'buruk', 'buruk', 'buruk', 'baik', 'buruk', 'D'),
(910, 'buruk', 'sedang', 'buruk', 'buruk', 'buruk', 'buruk', 'baik', 'D'),
(911, 'buruk', 'sedang', 'buruk', 'buruk', 'buruk', 'buruk', 'buruk', 'D'),
(912, 'buruk', 'buruk', 'sangat baik', 'sangat baik', 'baik', 'buruk', 'buruk', 'D'),
(913, 'buruk', 'buruk', 'sangat baik', 'sangat baik', 'buruk', 'baik', 'buruk', 'D'),
(914, 'buruk', 'buruk', 'sangat baik', 'sangat baik', 'buruk', 'buruk', 'baik', 'D'),
(915, 'buruk', 'buruk', 'sangat baik', 'sangat baik', 'buruk', 'buruk', 'buruk', 'D'),
(916, 'buruk', 'buruk', 'sangat baik', 'baik', 'baik', 'baik', 'buruk', 'D'),
(917, 'buruk', 'buruk', 'sangat baik', 'baik', 'baik', 'buruk', 'baik', 'D'),
(918, 'buruk', 'buruk', 'sangat baik', 'baik', 'baik', 'buruk', 'buruk', 'D'),
(919, 'buruk', 'buruk', 'sangat baik', 'baik', 'buruk', 'baik', 'baik', 'D'),
(920, 'buruk', 'buruk', 'sangat baik', 'baik', 'buruk', 'baik', 'buruk', 'D'),
(921, 'buruk', 'buruk', 'sangat baik', 'baik', 'buruk', 'buruk', 'baik', 'D'),
(922, 'buruk', 'buruk', 'sangat baik', 'baik', 'buruk', 'buruk', 'buruk', 'D'),
(923, 'buruk', 'buruk', 'sangat baik', 'sedang', 'baik', 'baik', 'buruk', 'D'),
(924, 'buruk', 'buruk', 'sangat baik', 'sedang', 'baik', 'buruk', 'baik', 'D'),
(925, 'buruk', 'buruk', 'sangat baik', 'sedang', 'baik', 'buruk', 'buruk', 'D'),
(926, 'buruk', 'buruk', 'sangat baik', 'sedang', 'buruk', 'baik', 'baik', 'D'),
(927, 'buruk', 'buruk', 'sangat baik', 'sedang', 'buruk', 'baik', 'buruk', 'D'),
(928, 'buruk', 'buruk', 'sangat baik', 'sedang', 'buruk', 'buruk', 'baik', 'D'),
(929, 'buruk', 'buruk', 'sangat baik', 'sedang', 'buruk', 'buruk', 'buruk', 'D'),
(930, 'buruk', 'buruk', 'sangat baik', 'buruk', 'baik', 'baik', 'buruk', 'D'),
(931, 'buruk', 'buruk', 'sangat baik', 'buruk', 'baik', 'buruk', 'baik', 'D'),
(932, 'buruk', 'buruk', 'sangat baik', 'buruk', 'baik', 'buruk', 'buruk', 'D'),
(933, 'buruk', 'buruk', 'sangat baik', 'buruk', 'buruk', 'baik', 'baik', 'D'),
(934, 'buruk', 'buruk', 'sangat baik', 'buruk', 'buruk', 'baik', 'buruk', 'D'),
(935, 'buruk', 'buruk', 'sangat baik', 'buruk', 'buruk', 'buruk', 'baik', 'D'),
(936, 'buruk', 'buruk', 'sangat baik', 'buruk', 'buruk', 'buruk', 'buruk', 'D'),
(937, 'buruk', 'buruk', 'baik', 'sangat baik', 'baik', 'baik', 'buruk', 'D'),
(938, 'buruk', 'buruk', 'baik', 'sangat baik', 'baik', 'buruk', 'baik', 'D'),
(939, 'buruk', 'buruk', 'baik', 'sangat baik', 'baik', 'buruk', 'buruk', 'D'),
(940, 'buruk', 'buruk', 'baik', 'sangat baik', 'buruk', 'baik', 'baik', 'D'),
(941, 'buruk', 'buruk', 'baik', 'sangat baik', 'buruk', 'baik', 'buruk', 'D'),
(942, 'buruk', 'buruk', 'baik', 'sangat baik', 'buruk', 'buruk', 'baik', 'D'),
(943, 'buruk', 'buruk', 'baik', 'sangat baik', 'buruk', 'buruk', 'buruk', 'D'),
(944, 'buruk', 'buruk', 'baik', 'baik', 'baik', 'baik', 'buruk', 'D'),
(945, 'buruk', 'buruk', 'baik', 'baik', 'baik', 'buruk', 'baik', 'D'),
(946, 'buruk', 'buruk', 'baik', 'baik', 'baik', 'buruk', 'buruk', 'D'),
(947, 'buruk', 'buruk', 'baik', 'baik', 'buruk', 'baik', 'baik', 'D'),
(948, 'buruk', 'buruk', 'baik', 'baik', 'buruk', 'baik', 'buruk', 'D'),
(949, 'buruk', 'buruk', 'baik', 'baik', 'buruk', 'buruk', 'baik', 'D'),
(950, 'buruk', 'buruk', 'baik', 'baik', 'buruk', 'buruk', 'buruk', 'D'),
(951, 'buruk', 'buruk', 'baik', 'sedang', 'baik', 'baik', 'buruk', 'D'),
(952, 'buruk', 'buruk', 'baik', 'sedang', 'baik', 'buruk', 'baik', 'D'),
(953, 'buruk', 'buruk', 'baik', 'sedang', 'baik', 'buruk', 'buruk', 'D'),
(954, 'buruk', 'buruk', 'baik', 'sedang', 'buruk', 'baik', 'baik', 'D'),
(955, 'buruk', 'buruk', 'baik', 'sedang', 'buruk', 'baik', 'buruk', 'D'),
(956, 'buruk', 'buruk', 'baik', 'sedang', 'buruk', 'buruk', 'baik', 'D'),
(957, 'buruk', 'buruk', 'baik', 'sedang', 'buruk', 'buruk', 'buruk', 'D'),
(958, 'buruk', 'buruk', 'baik', 'buruk', 'baik', 'baik', 'buruk', 'D'),
(959, 'buruk', 'buruk', 'baik', 'buruk', 'baik', 'buruk', 'baik', 'D'),
(960, 'buruk', 'buruk', 'baik', 'buruk', 'baik', 'buruk', 'buruk', 'D'),
(961, 'buruk', 'buruk', 'baik', 'buruk', 'buruk', 'baik', 'baik', 'D'),
(962, 'buruk', 'buruk', 'baik', 'buruk', 'buruk', 'baik', 'buruk', 'D'),
(963, 'buruk', 'buruk', 'baik', 'buruk', 'buruk', 'buruk', 'baik', 'D'),
(964, 'buruk', 'buruk', 'baik', 'buruk', 'buruk', 'buruk', 'buruk', 'D'),
(965, 'buruk', 'buruk', 'sedang', 'sangat baik', 'baik', 'baik', 'buruk', 'D'),
(966, 'buruk', 'buruk', 'sedang', 'sangat baik', 'baik', 'buruk', 'baik', 'D'),
(967, 'buruk', 'buruk', 'sedang', 'sangat baik', 'baik', 'buruk', 'buruk', 'D'),
(968, 'buruk', 'buruk', 'sedang', 'sangat baik', 'buruk', 'baik', 'baik', 'D'),
(969, 'buruk', 'buruk', 'sedang', 'sangat baik', 'buruk', 'baik', 'buruk', 'D'),
(970, 'buruk', 'buruk', 'sedang', 'sangat baik', 'buruk', 'buruk', 'baik', 'D'),
(971, 'buruk', 'buruk', 'sedang', 'sangat baik', 'buruk', 'buruk', 'buruk', 'D'),
(972, 'buruk', 'buruk', 'sedang', 'baik', 'baik', 'baik', 'buruk', 'D'),
(973, 'buruk', 'buruk', 'sedang', 'baik', 'baik', 'buruk', 'baik', 'D'),
(974, 'buruk', 'buruk', 'sedang', 'baik', 'baik', 'buruk', 'buruk', 'D'),
(975, 'buruk', 'buruk', 'sedang', 'baik', 'buruk', 'baik', 'baik', 'D'),
(976, 'buruk', 'buruk', 'sedang', 'baik', 'buruk', 'baik', 'buruk', 'D'),
(977, 'buruk', 'buruk', 'sedang', 'baik', 'buruk', 'buruk', 'baik', 'D'),
(978, 'buruk', 'buruk', 'sedang', 'baik', 'buruk', 'buruk', 'buruk', 'D'),
(979, 'buruk', 'buruk', 'sedang', 'sedang', 'baik', 'baik', 'baik', 'D'),
(980, 'buruk', 'buruk', 'sedang', 'sedang', 'baik', 'baik', 'buruk', 'D'),
(981, 'buruk', 'buruk', 'sedang', 'sedang', 'baik', 'buruk', 'baik', 'D'),
(982, 'buruk', 'buruk', 'sedang', 'sedang', 'baik', 'buruk', 'buruk', 'D'),
(983, 'buruk', 'buruk', 'sedang', 'sedang', 'buruk', 'baik', 'baik', 'D'),
(984, 'buruk', 'buruk', 'sedang', 'sedang', 'buruk', 'baik', 'buruk', 'D'),
(985, 'buruk', 'buruk', 'sedang', 'sedang', 'buruk', 'buruk', 'baik', 'D'),
(986, 'buruk', 'buruk', 'sedang', 'sedang', 'buruk', 'buruk', 'buruk', 'D'),
(987, 'buruk', 'buruk', 'sedang', 'buruk', 'baik', 'baik', 'baik', 'D'),
(988, 'buruk', 'buruk', 'sedang', 'buruk', 'baik', 'baik', 'buruk', 'D'),
(989, 'buruk', 'buruk', 'sedang', 'buruk', 'baik', 'buruk', 'baik', 'D'),
(990, 'buruk', 'buruk', 'sedang', 'buruk', 'baik', 'buruk', 'buruk', 'D'),
(991, 'buruk', 'buruk', 'sedang', 'buruk', 'buruk', 'baik', 'baik', 'D'),
(992, 'buruk', 'buruk', 'sedang', 'buruk', 'buruk', 'baik', 'buruk', 'D'),
(993, 'buruk', 'buruk', 'sedang', 'buruk', 'buruk', 'buruk', 'baik', 'D'),
(994, 'buruk', 'buruk', 'sedang', 'buruk', 'buruk', 'buruk', 'buruk', 'D'),
(995, 'buruk', 'buruk', 'buruk', 'sangat baik', 'baik', 'baik', 'buruk', 'D'),
(996, 'buruk', 'buruk', 'buruk', 'sangat baik', 'baik', 'buruk', 'baik', 'D'),
(997, 'buruk', 'buruk', 'buruk', 'sangat baik', 'baik', 'buruk', 'buruk', 'D'),
(998, 'buruk', 'buruk', 'buruk', 'sangat baik', 'buruk', 'baik', 'baik', 'D'),
(999, 'buruk', 'buruk', 'buruk', 'sangat baik', 'buruk', 'baik', 'buruk', 'D'),
(1000, 'buruk', 'buruk', 'buruk', 'sangat baik', 'buruk', 'buruk', 'baik', 'D'),
(1001, 'buruk', 'buruk', 'buruk', 'sangat baik', 'buruk', 'buruk', 'buruk', 'D'),
(1002, 'buruk', 'buruk', 'buruk', 'baik', 'baik', 'baik', 'buruk', 'D'),
(1003, 'buruk', 'buruk', 'buruk', 'baik', 'baik', 'buruk', 'baik', 'D'),
(1004, 'buruk', 'buruk', 'buruk', 'baik', 'baik', 'buruk', 'buruk', 'D'),
(1005, 'buruk', 'buruk', 'buruk', 'baik', 'buruk', 'baik', 'baik', 'D'),
(1006, 'buruk', 'buruk', 'buruk', 'baik', 'buruk', 'baik', 'buruk', 'D'),
(1007, 'buruk', 'buruk', 'buruk', 'baik', 'buruk', 'buruk', 'baik', 'D'),
(1008, 'buruk', 'buruk', 'buruk', 'baik', 'buruk', 'buruk', 'buruk', 'D'),
(1009, 'buruk', 'buruk', 'buruk', 'sedang', 'baik', 'baik', 'baik', 'D'),
(1010, 'buruk', 'buruk', 'buruk', 'sedang', 'baik', 'baik', 'buruk', 'D'),
(1011, 'buruk', 'buruk', 'buruk', 'sedang', 'baik', 'buruk', 'baik', 'D'),
(1012, 'buruk', 'buruk', 'buruk', 'sedang', 'baik', 'buruk', 'buruk', 'D'),
(1013, 'buruk', 'buruk', 'buruk', 'sedang', 'buruk', 'baik', 'baik', 'D'),
(1014, 'buruk', 'buruk', 'buruk', 'sedang', 'buruk', 'baik', 'buruk', 'D'),
(1015, 'buruk', 'buruk', 'buruk', 'sedang', 'buruk', 'buruk', 'baik', 'D'),
(1016, 'buruk', 'buruk', 'buruk', 'sedang', 'buruk', 'buruk', 'buruk', 'D'),
(1017, 'buruk', 'buruk', 'buruk', 'buruk', 'baik', 'baik', 'baik', 'D'),
(1018, 'buruk', 'buruk', 'buruk', 'buruk', 'baik', 'baik', 'buruk', 'D'),
(1019, 'buruk', 'buruk', 'buruk', 'buruk', 'baik', 'buruk', 'baik', 'D'),
(1020, 'buruk', 'buruk', 'buruk', 'buruk', 'baik', 'buruk', 'buruk', 'D'),
(1021, 'buruk', 'buruk', 'buruk', 'buruk', 'buruk', 'baik', 'baik', 'D'),
(1022, 'buruk', 'buruk', 'buruk', 'buruk', 'buruk', 'baik', 'buruk', 'D'),
(1023, 'buruk', 'buruk', 'buruk', 'buruk', 'buruk', 'buruk', 'baik', 'D'),
(1024, 'buruk', 'buruk', 'buruk', 'buruk', 'buruk', 'buruk', 'buruk', 'D');

-- --------------------------------------------------------

--
-- Table structure for table `tabel_perbandingan`
--

CREATE TABLE `tabel_perbandingan` (
  `idData` int(2) NOT NULL,
  `bulan` varchar(15) NOT NULL,
  `tahun` int(4) NOT NULL,
  `metode_storet` varchar(2) NOT NULL,
  `metode_mamdani` varchar(2) NOT NULL,
  `metode_ES` varchar(2) NOT NULL
) ENGINE=InnoDB DEFAULT CHARSET=latin1;

--
-- Dumping data for table `tabel_perbandingan`
--

INSERT INTO `tabel_perbandingan` (`idData`, `bulan`, `tahun`, `metode_storet`, `metode_mamdani`, `metode_ES`) VALUES
(1, 'Januari', 2005, 'C', 'C', 'C'),
(2, 'Februari', 2005, 'D', 'D', 'D'),
(3, 'Maret', 2005, 'D', 'D', 'D'),
(4, 'April', 2005, 'D', 'D', 'C'),
(5, 'Mei', 2005, 'C', 'C', 'C'),
(6, 'Juni', 2005, 'C', 'D', 'D'),
(7, 'Juli', 2005, 'C', 'C', 'C'),
(8, 'Agustus', 2005, 'C', 'C', 'C'),
(9, 'September', 2005, 'C', 'C', 'C'),
(10, 'Oktober', 2005, 'C', 'C', 'C'),
(11, 'November', 2005, 'C', 'C', 'C'),
(12, 'Desember', 2005, 'C', 'C', 'C'),
(13, 'Januari', 2006, 'B', 'B', 'C'),
(14, 'Februari', 2006, 'C', 'C', 'C'),
(15, 'Maret', 2006, 'C', 'C', 'C'),
(16, 'April', 2006, 'D', 'D', 'C'),
(17, 'Mei', 2006, 'C', 'C', 'C'),
(18, 'Juni', 2006, 'C', 'C', 'C'),
(19, 'Juli', 2006, 'C', 'C', 'C'),
(20, 'Agustus', 2006, 'C', 'C', 'C'),
(21, 'September', 2006, 'C', 'C', 'C'),
(22, 'Oktober', 2006, 'C', 'C', 'C'),
(23, 'November', 2006, 'D', 'D', 'D'),
(24, 'Desember', 2006, 'C', 'C', 'C'),
(25, 'Januari', 2007, 'C', 'C', 'C'),
(26, 'Februari', 2007, 'C', 'C', 'C'),
(27, 'Maret', 2007, 'D', 'D', 'D'),
(28, 'April', 2007, 'C', 'C', 'C'),
(29, 'Mei', 2007, 'C', 'C', 'C'),
(30, 'Juni', 2007, 'C', 'C', 'C'),
(31, 'Juli', 2007, 'C', 'C', 'C'),
(32, 'Agustus', 2007, 'C', 'C', 'C'),
(33, 'September', 2007, 'C', 'C', 'C'),
(34, 'Oktober', 2007, 'C', 'C', 'C'),
(35, 'November', 2007, 'D', 'C', 'D'),
(36, 'Desember', 2007, 'C', 'C', 'D'),
(37, 'Januari', 2008, 'D', 'D', 'C'),
(38, 'Februari', 2008, 'D', 'D', 'C'),
(39, 'Maret', 2008, 'C', 'C', 'C'),
(40, 'April', 2008, 'B', 'B', 'C'),
(41, 'Mei', 2008, 'D', 'D', 'C'),
(42, 'Juni', 2008, 'C', 'C', 'C'),
(43, 'Juli', 2008, 'C', 'C', 'C'),
(44, 'Agustus', 2008, 'C', 'C', 'C'),
(45, 'September', 2008, 'C', 'C', 'C'),
(46, 'Oktober', 2008, 'D', 'C', 'C'),
(47, 'November', 2008, 'C', 'C', 'C'),
(48, 'Desember', 2008, 'C', 'C', 'C'),
(49, 'Januari', 2009, 'C', 'C', 'C'),
(50, 'Februari', 2009, 'D', 'D', 'C'),
(51, 'Maret', 2009, 'C', 'C', 'C'),
(52, 'April', 2009, 'C', 'C', 'C'),
(53, 'Mei', 2009, 'C', 'C', 'C'),
(54, 'Juni', 2009, 'C', 'C', 'C'),
(55, 'Juli', 2009, 'B', 'B', 'C'),
(56, 'Agustus', 2009, 'C', 'C', 'C'),
(57, 'September', 2009, 'C', 'C', 'C'),
(58, 'Oktober', 2009, 'D', 'C', 'C'),
(59, 'November', 2009, 'C', 'C', 'C'),
(60, 'Desember', 2009, 'C', 'C', 'C');

--
-- Indexes for dumped tables
--

--
-- Indexes for table `data_air`
--
ALTER TABLE `data_air`
  ADD PRIMARY KEY (`idData_Air`,`bulan`,`tahun`);

--
-- Indexes for table `hasil`
--
ALTER TABLE `hasil`
  ADD PRIMARY KEY (`hasil_id`),
  ADD KEY `hasil_ibfk_1` (`hasil_fk`);

--
-- Indexes for table `rule`
--
ALTER TABLE `rule`
  ADD PRIMARY KEY (`id_rule`),
  ADD UNIQUE KEY `tss` (`tss`,`bod`,`cod`,`do`,`ph`,`fenol`,`minyak`);

--
-- Indexes for table `tabel_perbandingan`
--
ALTER TABLE `tabel_perbandingan`
  ADD PRIMARY KEY (`idData`);

--
-- AUTO_INCREMENT for dumped tables
--

--
-- AUTO_INCREMENT for table `data_air`
--
ALTER TABLE `data_air`
  MODIFY `idData_Air` int(10) NOT NULL AUTO_INCREMENT, AUTO_INCREMENT=88;
--
-- AUTO_INCREMENT for table `hasil`
--
ALTER TABLE `hasil`
  MODIFY `hasil_id` int(11) NOT NULL AUTO_INCREMENT, AUTO_INCREMENT=78;
--
-- Constraints for dumped tables
--

--
-- Constraints for table `hasil`
--
ALTER TABLE `hasil`
  ADD CONSTRAINT `hasil_ibfk_1` FOREIGN KEY (`hasil_fk`) REFERENCES `data_air` (`idData_Air`) ON DELETE CASCADE ON UPDATE CASCADE;

/*!40101 SET CHARACTER_SET_CLIENT=@OLD_CHARACTER_SET_CLIENT */;
/*!40101 SET CHARACTER_SET_RESULTS=@OLD_CHARACTER_SET_RESULTS */;
/*!40101 SET COLLATION_CONNECTION=@OLD_COLLATION_CONNECTION */;
